STORAGE[GWh],JUDGE ENERGY STORAGE PER[%],YEARLY POWER GENERATION[GWh],2017[GWh],2018[GWh],2019[GWh],2020[GWh],2021[GWh],2022[GWh]
50.0,20,434.20079774361943,63.28937807392631,84.93594222868005,89.81644221343615,48.57724126670006,78.90050563169282,68.6812883291841
50.0,25,568.2239998359034,78.49170774014551,125.30536685465405,108.95771608532002,62.70786362879648,101.72296014989017,91.03838537709727
50.0,30,648.0903945632183,93.7062524568704,143.46235858581656,135.08438611003444,69.32720174387248,113.48337956241674,93.02681610420753
50.0,35,723.2487158281353,101.0936537238392,154.81066797382707,154.59578760317345,80.38831678869789,129.5094601779897,102.85082956060819
50.0,40,798.9524581533773,101.81595693954888,168.2408463889037,180.94463799874728,92.24526292683343,134.25131744667365,121.45443645267045
50.0,45,810.1701776547993,117.89167026444552,178.06872637608274,178.8662916003027,89.26144259645163,124.87570284798437,121.20634396953226
50.0,50,858.057803311728,111.7030874447491,183.1225764270256,183.06633957501205,101.45912280565554,142.29163307308252,136.41504398620324
50.0,55,895.134349675815,125.06856878062132,205.28088944978367,194.67129550777855,90.06874859521744,137.87955567369482,142.16529166871916
50.0,60,927.191805067248,124.78927127798543,203.04820042390625,214.49220520280375,102.03437572530557,150.29117158297467,132.5365808542725
50.0,65,956.1398581103656,135.21789971558755,207.03617615985792,195.6994799186535,111.11276708247507,162.4520322026225,144.62150303116923
50.0,70,1003.8756686746915,131.57955192994604,227.60771923685954,210.8814358833609,121.7383056730267,163.59370967411036,148.47494627738809
50.0,75,997.0987980952937,139.85547219102622,229.52634115556845,209.04006925889593,97.98337231029267,175.70608523609008,144.98745794342025
50.0,80,990.3515046620869,117.44400318645606,219.69571757239538,224.7579984461216,104.72465469060934,176.884853804155,146.84427696234948
50.0,85,1013.3296418912261,124.14388756162677,224.63028956914337,207.83084971214817,110.75537123996615,189.61194225089082,156.3573015574507
50.0,90,1035.7683539988598,131.70394827068822,237.51754456560735,214.1080001656442,113.34634393391148,184.19716690375967,154.89535015924875
50.0,95,1029.8545354880175,139.33253720362785,214.31485973936734,227.34059570098154,124.27961506147653,182.6238198132707,141.96310796929356
50.0,100,1057.2116273354436,144.1430309782503,225.74568301290313,226.7731995662023,129.55628917402294,181.2006110082469,149.79281359581793
60.0,20,486.4488760376751,64.22161700363696,103.10849892571146,102.48307254944754,50.711470031203504,83.8858098405415,82.03840768713422
60.0,25,620.0475722380232,92.50932087477337,139.55274240721164,120.27447659210775,63.91348950614949,110.88668988792037,92.91085296986058
60.0,30,698.158071839553,96.83892633387421,152.51062841410425,148.3590924863162,79.04149658132721,123.20233798727432,98.20559003665686
60.0,35,798.3768753549999,102.41979128202922,167.93096672033155,180.68947206021383,91.71491670932954,134.52914816876316,121.09258041433267
60.0,40,825.1908664202635,120.13162677207269,184.26634089801743,177.39980817414312,91.03619532012284,128.7643058888098,123.59258936709776
60.0,45,849.8573004108883,117.3525576138249,192.02896954332235,188.65334697587,90.77604216157084,128.71526888966432,132.33111522663594
60.0,50,917.383657627838,120.93158017553982,194.90172339789086,207.51859201059818,97.57506750971613,144.7920018893569,151.66469264473614
60.0,55,942.7727846946566,134.50455331352762,204.4480888179699,191.21134508873394,109.29702779910953,160.70307701608212,142.6086926592335
60.0,60,989.5094511205356,131.10871999315296,228.27060622229328,211.07519484844573,121.01094685459573,162.64883497623518,135.39514822581268
60.0,65,990.6990093706748,141.56346161215492,211.29940848206812,212.21266420041044,100.12526841597149,178.1308007112387,147.3674059488313
60.0,70,986.7357868728889,120.61171500377826,217.3751754449267,209.99348220082973,106.35400586893067,182.01262539133435,150.38878296308923
60.0,75,1015.6822541801238,128.91089990521144,232.61103268712958,208.62849668577084,112.33481920820303,181.43352466393438,151.76348102987438
60.0,80,1018.0104155594627,136.78332218991147,211.77685443302954,224.37568045099002,123.38084523787577,181.0755118716099,140.61820137604607
60.0,85,1050.5883099780385,135.80121307117605,226.31355284798622,226.48114674921896,129.8125153232783,181.78700923151644,150.39287275486254
60.0,90,1067.3953203716785,139.35358445354092,241.4192045237941,223.46826224125323,134.01643487383205,178.71051595575838,150.4273183234998
60.0,95,1087.721145875498,145.71947972258266,256.30409555774344,218.49024201993998,114.45600505975474,193.66200250603015,159.08932100944696
60.0,100,1109.3723499556047,151.5263473193397,253.43667434900908,229.8932469202949,108.8467511943438,202.88592940308516,162.78340076953188
70.0,20,537.1041320304744,73.06406986628983,117.2107073098775,109.06718847602146,58.75951983995798,93.56967839560502,85.43296814272252
70.0,25,642.7786547695066,86.12280440644813,137.26903656040588,130.58046460039392,71.86672683100228,119.14318505531676,97.7964373159396
70.0,30,752.1212403096523,96.13524917096298,157.84317159536914,170.76570079856396,86.14491609813888,126.39069989363139,114.84150275298612
70.0,35,808.0873476104229,117.89689490732555,177.01594040552908,177.34320467449322,89.16713668081675,125.3591084663862,121.30506247587195
70.0,40,848.2119922837879,117.18057790273139,192.15387542498547,188.4394380394904,89.24241529901207,128.13485558272583,133.06083003484278
70.0,45,912.3723011815493,123.22746897476571,197.68714754652285,211.08099569187934,98.95073220158264,147.54817405966318,133.87778270713554
70.0,50,956.7283346655792,123.49541167649467,214.9309722660554,197.98573460805645,113.79912524501407,164.3529543935912,142.1641364763674
70.0,55,998.1416840840866,136.62973501085023,235.07587909710875,218.94641301522972,95.15407708433814,170.8854295427599,141.45015033379977
70.0,60,990.0343054050805,117.68219317343913,220.05180659590508,225.05144285758968,104.0643850757155,176.440171705981,146.7443059964502
70.0,65,1004.6778633318947,126.89958548165819,229.3538872451568,209.1027380586952,110.70948895806792,178.7120148095661,149.90014877875078
70.0,70,1019.0633993020393,137.19256670192658,211.62057361438448,223.80628624493562,123.80814391361098,181.56248336274217,141.07334546443946
70.0,75,1061.072204703591,137.47613063722815,229.31755759315828,228.77655942492356,130.08487152731306,183.72593738704705,151.69114813392085
70.0,80,1043.8296929510204,141.40375427048826,245.95158722965368,210.18066927613438,111.30248903667955,179.08455920547132,155.90663393259314
70.0,85,1089.4606635853274,148.0634068041684,246.9370201138674,223.93257100146354,113.09103124955907,198.9857493948093,158.45088502145984
70.0,90,1095.7392800454606,135.94553093971837,261.17521412335265,237.08495530229808,112.6817380573594,180.62288707812579,168.22895454460638
70.0,95,1093.486770434355,138.26813413808642,239.1950437956219,251.91524411852438,119.28966379487937,178.76480104805697,166.0538835391859
70.0,100,1109.1040436272901,137.10832055948484,251.64845539489235,241.1679657515048,122.97618221547373,184.42559658926135,171.77752311667294
80.0,20,566.9843539551521,82.84907967602157,126.18595869866847,109.71419339355484,58.25412985660318,92.22502595230759,97.75596637799661
80.0,25,699.2987400490979,97.0588334868103,151.63276672071783,148.9719230242672,79.06864797283151,123.71392202378198,98.85264682068913
80.0,30,768.7040246130871,107.70433220638476,164.00583665445112,163.07212733222983,81.70218897946206,125.83050662176467,126.38903281879462
80.0,35,838.3606718060299,111.80194690291096,182.94896453502636,182.9416515416195,88.59432091901533,142.40716541006515,129.66662249739244
80.0,40,916.9833639607389,121.34008970236742,194.4392997753969,206.8668006361225,97.73380943983331,145.41617660050403,151.1871878065147
80.0,45,957.9027264891814,124.01592182171052,214.90532362265796,198.38260787278108,113.32689457645253,165.57461218263035,141.69736641294895
80.0,50,984.3825072180438,137.63344690555797,226.52912701967446,207.06647853304085,97.39455042076239,173.48771593221386,142.27118840679415
80.0,55,979.4439485596862,119.66367229657568,217.94078053907825,201.93264690436868,107.2114362218857,182.48360687971362,150.21180571806406
80.0,60,1033.6085343879408,131.152950493583,237.36159195702206,213.85372315783573,112.43230320704163,185.29838612382136,153.5095794486372
80.0,65,1036.7790040011669,141.75860473775634,222.2989422324727,221.37947259058467,127.4246327869799,177.4321562722052,146.48519538116813
80.0,70,1068.8364224956656,139.05990363252133,241.83069556770084,224.12468791927088,133.39051271378852,177.5065217778216,152.92410088456236
80.0,75,1079.45512779504,147.2880369946646,244.98605001710516,221.7324383319628,112.03360914974279,196.39047438057673,157.024518920988
80.0,80,1097.2738116915318,135.9561917547233,261.2927359336311,238.7641251065885,113.14541273270592,180.28856061649228,167.8267855473907
80.0,85,1087.0415432477885,135.4035393814666,241.115577641405,241.29139200123953,121.0695853571708,181.74968841921847,166.4117604472882
80.0,90,1114.7182877229864,138.86468661572113,254.2133439557574,243.30138955213644,119.55657814884658,184.84301595439817,173.9392734961264
80.0,95,1096.1357685017442,147.21922858512139,240.63584185007548,217.4629932576509,133.06525922185142,188.05973560363975,169.69270998340522
80.0,100,1126.969198598124,152.71647398408197,252.42635168957975,229.2402105785374,137.02488351672977,197.57245654600143,157.9888222831939
90.0,20,610.2320771166624,91.72666184113352,130.0994973718197,121.32327029909328,62.63328485095023,112.12173453650351,92.3276282171621
90.0,25,756.4030014043927,107.96991812426931,153.57430370101324,164.07972647927102,82.99259619748443,136.89310564651367,110.89335125584094
90.0,30,827.8209607228657,120.94811686215347,184.49687382852156,178.148141343558,91.7139515709791,128.44042920789354,124.07344790976019
90.0,35,873.1156364228237,102.77068513869797,205.07410999350995,194.78816102613192,91.03629215362795,136.84593832339183,142.60044978746407
90.0,40,939.9656466317532,133.27226641092497,203.24762407193762,191.37064799047639,109.23460117038235,160.17150883685548,142.66899815117657
90.0,45,997.9922999248719,137.1581988880824,235.04569079315328,218.29768569105784,95.13569311349677,171.52084870864246,140.83418273043907
90.0,50,978.0395824363663,119.44354181348477,217.89170693020827,201.46700464990607,106.33638661737719,182.1072084667076,150.79373395868242
90.0,55,1025.6146338099393,132.5524810246342,216.99520388697965,216.39451377015192,118.60819011808698,186.59823059389234,154.46601441619404
90.0,60,1049.261745667032,136.1443619951089,226.91196780031134,226.33166769205715,128.97730122628928,181.10939868877165,149.78704826449388
90.0,65,1041.6569805041433,142.2225107860982,248.92668863001327,211.97711271267164,110.6871977188251,173.33933066169863,154.50413999483652
90.0,70,1107.8560555166948,151.13691954751397,253.42522037589316,229.93881412275064,108.1655660261709,202.26432476019804,162.92521068416835
90.0,75,1080.1604536546752,138.55239042567865,235.94899466135016,247.82833683381682,117.48615715983087,176.8343339951815,163.510240578817
90.0,80,1095.1453197922522,136.81038897204442,250.15811633828804,232.26538371853903,121.78557951373597,183.09625777131396,171.0295934783308
90.0,85,1088.5146076772137,146.3673028161753,238.0259992140973,216.2561229295359,132.39654287065227,186.42765662100913,169.04098322574362
90.0,90,1126.355100410209,153.0536619538076,252.89424946618055,228.76239535750884,136.30447195667395,197.38629439627206,157.95402727976608
90.0,95,1092.8017800846903,143.28029708638655,242.7576764949296,230.71669341038447,111.77101943837447,198.41773588578812,165.85835776882706
90.0,100,1087.3292265573218,145.9134405324118,244.10844931685205,234.43232071633457,112.3937945951867,195.58949666384393,154.89172473269278
100.0,20,626.9880999384043,93.64354656037018,132.85074150853242,124.10572646047024,68.7946745835149,115.1366267250477,92.45678410046887
100.0,25,754.3806903853176,102.44096776867633,168.15726595192703,165.1424578843597,76.49706024235212,121.74783072005516,120.39510781794725
100.0,30,833.8991501521574,112.39586208474476,181.90258866058034,182.08136117692885,87.52926060824727,142.42252806615699,127.56754955549911
100.0,35,896.5874593006711,122.6817119030972,202.15592345108774,188.32440113273125,100.85465847174036,150.62949758292098,131.94126675909337
100.0,40,988.7913355987057,131.26357141206213,227.11210218876286,210.07901728977558,121.90784640619954,163.14768463693983,135.2811136649657
100.0,45,986.4228558798407,116.29658231442224,219.24331388267518,224.56012301741742,103.39969839101842,176.33344247559307,146.58969579871444
100.0,50,1019.3079117789842,131.2925423631728,216.339325041782,214.80683337289776,117.74323078018287,185.95021447265017,153.17576574829877
100.0,55,1047.3026378909494,135.54766920496257,226.16344614384067,226.77565014364455,128.14238698495006,181.15662892085192,149.51685649269953
100.0,60,1066.5539985638147,142.9112844066417,252.03567486628143,213.97676445735468,111.0244458646721,190.75995967631772,155.8458692925471
100.0,65,1078.6567772560807,133.81240618352766,256.700753113404,233.6728560878898,110.19895833786384,178.4115448085856,165.86025872480963
100.0,70,1082.2813371086852,132.47007347969694,241.20785784876858,241.09378526387133,120.66840748946274,181.20108157046042,165.64013145642502
100.0,75,1099.2994659619735,140.54038168686503,256.02232400715957,224.8804204996535,129.76499836057755,184.3151322962831,163.7762091114349
100.0,80,1099.6031909179442,148.47877832402258,246.71212285971453,223.55625940531752,134.00417579230546,192.59425869519364,154.2575958413905
100.0,85,1117.274880094458,140.64346656002095,261.425005186503,237.9955170122163,112.95773848329348,200.79296654322587,163.46018630919846
100.0,90,1074.6229075533215,134.962346322405,241.2573934872642,233.2090230820701,111.4658027753241,200.0970127578377,153.63132912842056
100.0,95,1120.0207992979426,151.1408752115693,255.4213798571135,242.09222922925278,118.63069615100365,194.71396041218622,158.02165843681715
100.0,100,1110.8562656863796,142.72828399935855,242.0069471111571,238.29112091025803,122.6313963413711,203.91192298084374,161.286594343391
110.0,20,652.3035989240759,89.35642387599425,140.79527381306764,135.75747549801073,72.52031851913213,112.84454994437937,101.02955727349166
110.0,25,777.1332561137156,110.26643824390605,168.1848887865174,167.97698351094056,83.66002531327014,117.25113614532852,129.7937841137529
110.0,30,856.0463164080112,100.82909139585452,201.31383516734317,191.19021826935312,89.45915241270734,133.62506699382223,139.62895216893085
110.0,35,954.8673317319785,133.61318651501742,208.5726165211997,194.4810114358405,111.00038390396817,163.88228778667101,143.31784556928173
110.0,40,986.8879284687285,140.86086047360152,211.03224920964107,212.4103208864169,99.26563824460031,178.30019421515283,145.01866543931578
110.0,45,999.9601886236676,127.10819650335523,230.1660971542864,205.48011077216879,108.55650630029494,179.38004879061387,149.26922910294843
110.0,50,1026.923148177736,133.03166426170216,221.52568791434604,221.396930837533,126.16423106416234,178.15699332291658,146.6476407770759
110.0,55,1055.683409067598,141.156392359901,249.16159650386044,211.33130165696232,110.0993719549342,189.35717325915132,154.57757333278863
110.0,60,1077.2838991265912,133.0717056260877,256.92734606945737,233.50185142048642,110.75411977392741,177.52071149941804,165.50816473721417
110.0,65,1084.5957737396275,132.11565621513566,243.0237637252551,240.41648241971942,121.17405691600268,181.86019784179544,166.00561662171933
110.0,70,1104.636321276719,142.8167664169636,259.44069729931556,221.14583544858309,130.4666185518302,184.9479415778593,165.81846198216735
110.0,75,1097.1440904838455,151.538559179552,251.23001463163286,227.69691994487138,113.25926324822427,195.77787976892643,157.6414537106388
110.0,80,1087.3317477892629,144.11688562254403,246.9641549084564,231.71842096538427,109.90282428124013,194.55369802872184,160.07576398291616
110.0,85,1095.2055000080165,148.46092415797781,248.91975859082575,237.06004729619968,115.77984511190706,189.29433192578674,155.6905929253195
110.0,90,1132.6398522447091,154.42252415797782,253.9160416538035,248.09017819252847,120.44455610930947,200.55513192578675,155.21142020530357
110.0,95,1127.5877280804566,142.6484593083875,248.38858513917197,243.39100100071357,131.87527144067286,199.43438401714354,161.85002717436717
110.0,100,1120.164891433399,141.231223456671,258.7475411586866,254.20460567355434,111.34878256634485,194.071971853034,160.5607667251082
120.0,20,692.1893911356657,96.27397651627356,151.8952757691796,148.4018636339841,72.93160792287736,123.55680019018773,99.1298671031632
120.0,25,826.1601229644449,120.76824486021012,183.06913564352158,177.62675834509508,91.5119233240676,129.1961934789114,123.98786731263914
120.0,30,904.585426563392,120.19234704173556,194.18789474227984,194.92210869533275,97.6104858005347,146.29817042142423,151.3744198620851
120.0,35,987.7726829604038,130.2469426172289,227.2907056864317,209.68967595704282,121.27244332412643,164.45555205285635,134.81736332271757
120.0,40,976.7944060287648,118.62377237085215,216.56233425133448,209.14531714406573,105.87388240742392,181.71587988696788,144.87321996812042
120.0,45,1016.8769547424231,137.32516180325945,211.21846457903948,224.32978890820152,122.513369561619,181.37571110807255,140.11445878223114
120.0,50,1031.6647969038893,138.34040558537288,241.50036308785397,222.75585386256662,108.45984116241871,168.49981157816595,152.10852162751118
120.0,55,1057.954381591075,130.39806479909478,252.22197396693775,229.43029594765687,108.68269025886566,174.68965799759087,162.53169862092906
120.0,60,1078.6173796673863,130.9580514761383,241.25005681572443,239.322851413753,120.37939559823178,181.0546551068008,165.65236925673796
120.0,65,1100.221362128755,143.31993385898463,258.97758389470573,218.74068619274888,129.86206927350204,184.09181685793013,165.2292720508834
120.0,70,1088.0187053825325,140.08787864083624,252.65490215618965,229.3533107346835,111.7236120103985,196.3355419020033,157.86345993842153
120.0,75,1084.9829347213822,144.49340436444194,247.9242679178361,230.6452871604779,109.05212583036622,196.0605993230065,156.8072501252535
120.0,80,1109.0580141845853,149.77608353080848,252.4740149848709,240.51668547251745,116.92921371062542,192.5093068130591,156.85270967270384
120.0,85,1094.3389988006688,141.72455729997608,240.64358184776407,238.5994847740064,120.92187205346076,192.5184520606127,159.9310507648489
120.0,90,1114.6165558719085,137.04146873757358,252.3880030115727,249.02771704270984,133.63885673706508,187.11802136256938,155.40248898041793
120.0,95,1113.5426062288213,144.35602641197895,264.66173879540673,244.9073014367201,110.05280939997493,186.7357171267496,162.8290130579907
120.0,100,1135.895287042318,150.31762641197895,276.58493879540674,228.84719405225732,109.6728898065542,201.6023187866571,168.87031918946334
130.0,20,738.2189665033304,103.22960783143553,159.93407097367387,158.02347144023565,80.37469159965161,130.65426382478,106.00286083355385
130.0,25,828.1791896164784,109.03568259635169,178.01129037958307,177.84667881984848,98.53889312290563,138.43475895273556,126.31188574505397
130.0,30,909.5493291187702,129.76891099158664,198.02389077001516,196.4684690638558,104.954271171889,143.74350317689903,136.59028394452457
130.0,35,975.8299643698493,139.42682296084715,208.71756444378994,209.89144717403119,97.69254710430071,175.37103248311377,144.73055020376663
130.0,40,1008.8601088448119,128.06541398746697,231.2356658383565,209.15456453570135,108.9725685686033,180.8323939902772,150.5995019244065
130.0,45,1047.8111065964076,132.22911237817038,229.49386320603307,228.50377646367542,128.6308702756793,183.3791677336393,145.57431653921006
130.0,50,1071.2771462682963,145.79597165054534,244.91988640590372,221.36130395904794,105.07974102944698,196.97389983754914,157.14634338580308
130.0,55,1073.351875795705,132.70675588592886,235.69870304665045,247.7506068767009,117.6193335233458,176.49607582157816,163.08040064150074
130.0,60,1093.7270538750065,140.78206533754488,255.8224294108081,222.71405755466483,128.61170406219648,182.4653526625876,163.33144484720452
130.0,65,1084.9283297836869,143.4891174860442,250.86089058197075,227.59053476428113,110.87889976521753,194.92704825141914,157.18183893475418
130.0,70,1081.2017513803337,143.70618814611808,247.41547971331883,228.77929175151058,108.8508205260403,196.27526764270567,156.1747036006403
130.0,75,1112.6662181105492,150.447278401294,254.11380137873653,241.27876405193226,117.43916579904526,193.09551433948866,156.29169414005239
130.0,80,1106.8454733978888,142.4778295304313,243.34074438692164,239.8731844906486,129.22022523442442,194.7079432680153,157.2255464874473
130.0,85,1129.465591617889,139.68771882872693,255.6943735871759,250.37424418828283,133.1548284980475,191.7780711340001,158.7763553816556
130.0,90,1127.1114933566,146.20668424936832,268.7292992468438,237.7960516884353,110.78549379416133,198.4020711340001,165.19189324379104
130.0,95,1100.1490120018516,132.81764444172674,256.9777792715586,234.35674709573175,110.6398525531644,200.31148380749923,165.0455048321709
130.0,100,1136.5474711752427,134.46084917228265,270.25007019656744,247.19645807697597,117.2638525531644,202.57341715072886,164.80282402552342
140.0,20,735.798254578867,93.76907660195744,158.13527722890476,170.57451873232355,72.1598903180985,126.3596339278827,114.79985776970025
140.0,25,818.4723133500628,96.67950635799399,192.5093591655634,183.22204485841561,85.80548675720343,127.73123803054848,132.52467818033776
140.0,30,927.4008555817954,122.13665748409188,214.52659733761416,197.7064496534335,113.26192591715105,153.5364425228789,126.23278266662595
140.0,35,952.2303814724664,116.17124462674441,211.93448920266422,198.2843235172021,103.69221637455924,175.97110512161635,146.1770026296802
140.0,40,991.9674948658393,136.84755934243813,211.30919937178393,211.240487362563,122.30149268285258,169.76638788525815,140.50236822094348
140.0,45,1046.7312464490947,140.07347940215197,247.41748450024002,209.91116952224783,108.09746142976871,187.78097775455637,153.45067384012967
140.0,50,1052.729255774787,133.21978199871648,227.08204713053905,237.69183434929562,112.212642450192,180.96596017787638,161.55698966816732
140.0,55,1091.4800386709594,137.22283811447198,250.9451291472691,234.75360226593583,119.14007179299875,179.61535641333728,169.80304093694636
140.0,60,1074.6582065098667,148.48355167827626,246.18193606647498,223.75745270465978,110.77808860192431,191.55024429471152,153.90693316381973
140.0,65,1079.2038479538583,142.8613567711949,246.30584700247402,228.53786328396754,107.3818299393646,194.47654571028727,159.64040524656997
140.0,70,1107.7936844981584,149.81023818623595,252.82964280919447,239.72512461557315,116.6449693256818,193.03802145058367,155.74568811088935
140.0,75,1103.1201445246402,141.11458334547527,243.46967792564755,239.4808124306093,129.10405425601465,193.9696831113544,155.98133345553916
140.0,80,1106.1959175034642,139.60838634463678,256.5069219486244,250.7319106824136,108.8444926127685,191.656432810196,158.84777310482477
140.0,85,1113.8817144274044,146.75279041098528,270.16168645841685,222.79041481118963,109.31395248127757,198.94283281019602,165.9200374553389
140.0,90,1105.7462033036045,136.37977250005557,260.20388781817525,237.57713353457805,112.5511343830834,195.0579399856523,163.9763350820602
140.0,95,1119.437959915891,130.0852174813107,251.05754381366094,250.84434917101265,119.17513438308339,204.03232096981424,164.24339409700917
140.0,100,1135.548620441294,136.42196222331208,252.6236127641423,252.1813995628202,126.58525325192223,202.41125781503828,165.32513482405875
150.0,20,740.7870815667246,101.52837037517699,167.63838652775038,153.2475304094833,76.60141562858107,122.77723280124893,118.99414582448402
150.0,25,893.6639617547529,124.47521516922886,204.8772734177816,194.24791907219281,90.84144978905614,136.5875825716278,142.63452173486576
150.0,30,954.6578149049127,129.80135043511623,227.51087012019238,208.54130326076432,91.22519937492181,163.4285389971594,134.15055271675857
150.0,35,978.4679101827157,123.38832612994567,223.77378435587704,203.4955947286122,106.15552698015705,175.05841022025066,146.59626776787303
150.0,40,1036.1412147982244,130.55631369126158,226.86686770183894,226.193017174704,127.11768216910734,181.63359578673914,143.7737382745734
150.0,45,1059.6980288106545,127.62417354955403,246.3748126341975,223.52018149383292,105.89532185903397,197.89263382765955,158.3909054463766
150.0,50,1071.7905178020433,130.90397217965634,241.0582765351641,237.53508851358077,116.24956532518289,181.38939292551606,164.65422232294324
150.0,55,1083.137464208671,144.5346991440349,238.9361597178179,216.86222719203144,130.53850892564458,183.8406612446491,168.42520798449303
150.0,60,1067.6360011299116,140.4726280380909,238.348736978779,225.47124454707304,105.91787689450085,194.67051046613278,162.75500420533507
150.0,65,1090.8439354898858,147.86340117988397,247.89883944412188,236.14989097929387,114.5446773158072,189.6854708666775,154.70165570410117
150.0,70,1096.23356074468,140.89848113835723,241.438480439703,236.83171272567705,128.41303982755912,192.60654996713845,156.04529664624502
150.0,75,1101.2313352606006,138.88412272200915,255.34433456922253,249.7914373549294,108.01572163664547,190.89084750817847,158.3048714696154
150.0,80,1112.7441771338317,146.65483592685217,270.2823403051266,223.80830947205845,107.89099048329375,198.17724750817845,165.93045343832253
150.0,85,1111.8394472525613,134.69886531046376,261.48178241561925,238.06532777641024,113.15500466248386,197.1323403136201,167.30612677396408
150.0,90,1113.0389945004636,130.05295185313432,253.9115808594352,240.70748642041423,120.51075601537721,203.86415667342314,163.9920626786794
150.0,95,1127.5181778508684,137.72084524128726,255.71127980443322,239.97711822972718,125.80995601537721,203.64013512832832,164.65884343171516
150.0,100,1140.1144177700214,145.36110923853008,262.45922594118224,250.62432243432562,125.80995601537721,188.08825640366015,167.77154773694613
160.0,20,767.9158545883711,106.77261253891079,162.7056064514521,163.10536779529144,82.46689538108797,126.18725538820063,126.67811703342817
160.0,25,902.5569510998731,119.31020747855865,194.9488359858859,194.28377963956106,97.67730112627426,145.83546483305187,150.5013620365414
160.0,30,963.0487992299943,136.86467834419204,206.47800674437303,207.11483662875247,96.80133983654291,173.116749506159,142.67318816997482
160.0,35,995.713915249867,130.4814841156808,210.62602813746116,213.86916025852963,118.70112176527876,173.09906886373525,148.9370521091813
160.0,40,1024.5709003236334,137.8475442908607,242.0549334211154,219.9397055482567,105.83545514301218,169.09562756974407,149.79763435064436
160.0,45,1049.5303883853542,133.04620775953853,224.85131843789034,237.35158153459528,112.68257234078355,180.75386502130925,160.84484329123717
160.0,50,1090.1931960046074,138.6702380606269,252.83737724359864,220.50726528449508,126.93181361704939,179.40518499641433,171.84131680242305
160.0,55,1052.5957016839882,123.66094768305807,251.84898601927242,217.04376152748796,106.59036627376453,195.3079097299501,158.14373045045525
160.0,60,1065.9605592104201,145.26784646678826,240.72559607703923,231.29033014480504,111.79904298737058,184.5033552007219,152.3743883336949
160.0,65,1104.301585659258,139.30929554272157,237.28291944745473,245.66860108361647,124.07410834489156,200.25877060890525,157.70789063166833
160.0,70,1088.5120549069163,137.5133899639096,251.56009822026826,246.3787413476133,107.72672379451984,188.8172902422581,156.51581133834722
160.0,75,1103.3387515418672,145.24880615993746,268.427710371714,221.02526692607262,107.10323284799382,196.76609024225812,164.767644993891
160.0,80,1105.2355429500496,132.66833981898804,259.7334186026338,237.16860352839478,112.4499324740788,196.42366086738517,166.79158765856917
160.0,85,1111.0740691149185,129.99817036254842,253.36173909037356,240.7181518677804,120.41491217604629,203.10354715206097,163.477548466109
160.0,90,1127.5568609647446,138.37246844337548,256.27634130326476,243.03634744246446,125.05171217604628,204.22328072961156,160.59671086998222
160.0,95,1139.3922123840648,145.94000788715934,261.8509167858109,250.7573622847844,125.05171217604628,187.2467023802817,168.5455108699822
160.0,100,1147.8379011445804,144.58640615993747,272.3467665703923,240.77231526671912,125.05171217604628,194.71765929941003,170.36304167207498
170.0,20,797.6686371081324,113.35723456276297,172.84165388296321,173.01625115032428,86.21724662432186,121.19031115715751,131.0459397306027
170.0,25,892.216717062399,127.65533303796384,193.01590270963678,192.60708993659154,103.5241067021528,141.07430983225515,134.33997484379884
170.0,30,952.3991028486492,113.31516951728824,205.55231915507355,219.33398284674865,100.880136303896,171.30735168512263,142.0101433405201
170.0,35,999.7564693833755,135.86683093015762,214.329440584966,213.72979987888593,123.1226558289428,171.14558680351746,141.56215535690572
170.0,40,1047.8495291612226,143.33187427232627,241.0050993913985,217.33154265419634,102.3002119079469,193.71651040275955,150.1642905325948
170.0,45,1061.0077018667384,129.12714833465455,239.601392475976,234.94423037431048,114.78012106990055,179.28166264300864,163.2731469688881
170.0,50,1070.4292723850033,144.1861681085914,240.35766321029845,217.84521528128928,131.2671044805218,186.815904651508,149.95721665279444
170.0,55,1064.818698705369,140.59879540073698,244.89068302849554,223.91129873479676,108.40665769499799,193.22043117549842,153.7908326708434
170.0,60,1110.4320191889017,149.9712441454923,256.60750170065523,241.26908590724312,116.39217871809021,194.28624034051046,151.9057683769104
170.0,65,1080.0857244990093,133.05668839005548,247.5070333316355,238.72920465192084,130.30729841270048,175.1888782059121,155.296621506785
170.0,70,1098.5420966353015,143.19571996148267,264.5968126013443,231.8619222090519,106.9676110395467,189.69761795318794,162.22241287068815
170.0,75,1092.5709622672885,134.26520799269682,256.69574985907633,234.34205941957757,111.09700828236957,193.9411200729292,162.229816640639
170.0,80,1101.4999009582243,128.6333867240504,250.00799626417714,238.90274567865174,119.00991344235217,202.28136491963346,162.6644939293596
170.0,85,1122.961070564785,137.7131815336096,255.77471394644107,242.27230833177643,124.30911344235217,202.83451370126738,160.05723960933818
170.0,90,1136.3591143198144,145.63269769787345,261.28110475490644,249.87880641117192,124.30911344235217,186.5889524041725,168.6684396093382
170.0,95,1134.5953272707627,144.52051996148268,271.8104043251532,240.42239719069448,124.30911344235217,195.20014714845092,158.33274520262952
170.0,100,1144.150554857757,148.49491996148268,262.9179544674335,242.76161055400988,124.30911344235217,198.99898485034342,166.6679715821355
180.0,20,802.4494618902144,119.8024905685177,165.93802427280042,176.48402535944652,92.10854589899371,129.4766361080307,118.63973968242529
180.0,25,918.9961777153964,130.6020401623674,202.54475142933836,191.7678412295939,109.38726414040113,148.2679178442149,136.42636290948053
180.0,30,959.777636204533,119.43676285266594,216.44816980392113,198.94431942011676,103.38792661417823,181.0004850244259,140.559972489225
180.0,35,1023.3723225996155,131.42841923414198,226.89465027052137,210.74643672561922,126.21104592645355,182.0121895494896,146.07958089338976
180.0,40,1058.5856811447848,130.63555392343255,252.09172638375918,230.1529080736948,108.53580580230857,174.54657395939472,162.6231130021948
180.0,45,1077.6293288855036,136.2879570742844,249.98618685233978,218.1667766941014,125.8702925776875,177.1118119133652,170.20630377372532
180.0,50,1057.39787251837,135.9265239453211,251.8741038665357,217.09278903240096,104.22252383800084,190.57216766683672,157.70976416927465
180.0,55,1075.671075310414,146.07501815376304,244.42017928545877,233.2303326044685,112.97750458429779,186.3395927554413,152.62844792698425
180.0,60,1086.4973020107223,136.75936270475344,240.5800704308331,235.48978699278837,127.5408892649244,192.40266606714576,153.72452655027732
180.0,65,1090.0904952307978,140.49438422997105,258.7887969192554,245.59536532418872,106.56920854223377,179.68295263209873,158.95978758305017
180.0,70,1079.2143769046104,128.9048417150299,252.357412884476,229.01722346953116,108.43270084875485,196.23133653933672,164.27086144748188
180.0,75,1102.1461813843582,127.05469434948546,247.8664031529079,247.31293102298815,117.04390084875486,200.85793593444436,162.01031607577772
180.0,80,1114.7255365778612,136.40430444729293,253.17558347220165,237.1231198001533,123.58094326552968,201.45985985074404,162.98172574193975
180.0,85,1132.0588145747815,144.4470797290497,261.813408774064,249.01732071666441,123.58094326552968,185.72301191336518,167.4770501761086
180.0,90,1130.6804840299485,144.46878422997105,271.4713524281337,239.37154927834442,123.58094326552968,193.94984584650874,157.83800898146086
180.0,95,1140.334645243889,147.78078422997103,261.57392506702257,241.66011379697542,123.58094326552968,198.92913323529402,166.8097456490965
180.0,100,1147.1543131025169,147.78078422997103,270.44263372245297,235.9373746916326,123.58094326552968,202.3157717341563,167.0968054587742
190.0,20,807.0642635958286,105.71942162338526,172.88255465421395,174.4920722328691,96.6074398761084,134.00312032393222,123.35965488531973
190.0,25,942.2449156793733,125.16523648454104,217.0808591674734,199.6193732547029,115.1659428006587,156.40258228674085,128.8109216852565
190.0,30,988.0573774860413,124.1906913773173,226.82997370328349,201.33468648521588,111.59568986883212,176.89945547928357,147.20688057210904
190.0,35,1011.2753723730538,136.40710269461803,239.17800535423152,217.31073023796807,104.10337730803327,166.67459865582632,147.6015581223763
190.0,40,1044.4706529542061,128.00715518953848,229.2960310064183,241.26935681629487,114.66249181833732,171.40358609148424,159.8320320321331
190.0,45,1064.7414522655472,141.51990283437274,235.30617042913016,212.68561591734982,128.73016682241192,180.7548458060526,165.74475045623
190.0,50,1046.6983965761137,128.50781436296697,243.37543834287155,222.09494581767632,107.62572332961703,192.42406725505253,152.67040746792907
190.0,55,1105.5145817204304,150.12754424495864,253.12053215902557,241.42574877151225,114.93668046916486,194.9650515732783,150.93902450249084
190.0,60,1075.9896329373203,136.13408363726646,249.33363609810374,244.0008334680981,104.86886667191602,186.65900331582424,154.99320974611172
190.0,65,1101.8149208315076,145.75495933719935,268.88772259912594,221.86403823616456,105.11842445027816,195.93260331582425,164.25717289291518
190.0,70,1107.8781409746189,128.636670016739,264.2603243023735,241.43267724877373,114.39202445027816,197.03049470019056,162.12595025626388
190.0,75,1112.0512967352654,133.78249605267416,246.6185524773071,248.1280858429358,122.8661415862382,198.1110671876724,162.5449535884378
190.0,80,1130.306268393575,143.02975485915738,266.54969366888326,247.30035434605793,122.8661415862382,184.9273514579139,165.63297247532452
190.0,85,1136.228252370005,143.10535933719933,271.07755380639736,237.79292341738966,122.8661415862382,192.7081161311849,168.6781580915958
190.0,90,1135.6400002842954,147.07975933719933,261.7847731864897,240.69418995751096,122.8661415862382,197.54790994723888,165.66722626961837
190.0,95,1142.7964113971627,147.07975933719933,270.00414593652675,234.42373469262307,122.8661415862382,201.85865376608191,166.56397607849357
190.0,100,1142.2226023259561,147.07975933719933,264.20936493749656,241.40509319885618,122.8661415862382,195.46146718767238,171.20077607849356
200.0,20,801.1956199194186,111.23502328524432,183.43381935213577,175.62835452640485,81.16494616422106,122.34245904371781,127.39101754769484
200.0,25,952.9101674080136,129.47566045198312,227.13906302703825,207.94541692953388,91.40218908311721,163.05621577307502,133.89162214326637
200.0,30,982.1734011311015,131.06897003972793,212.45053641351114,201.21967476756714,117.77139273286998,172.1882458951476,147.47458128227782
200.0,35,1030.6706578718045,124.24321334959848,251.91623465040598,213.40434811353464,100.35794552091237,190.37876704249135,150.3701491948615
200.0,40,1051.845669440801,130.28087112644153,239.0141582731084,228.07214282568103,109.81832470298912,181.19199498753753,163.4681775250433
200.0,45,1044.07502842415,140.3144239388495,246.9324153769932,210.5534918125707,102.83377838707119,190.15009029181644,153.2908286168491
200.0,50,1062.6530523945016,144.27559680851394,240.82455282248623,230.4105076462391,111.55998286244936,184.49610656209504,151.08630569271784
200.0,55,1080.0625173038304,133.76259005237065,241.16140048077372,234.26957688703894,127.1006586389807,191.61981231421146,152.14847893045507
200.0,60,1073.4025875452712,141.0917323890245,260.4481392115828,227.5775417192754,104.73582698748721,180.10317823700007,159.44616900090125
200.0,65,1080.094374692958,129.9387610442059,255.79114653209825,233.2420303102052,110.42691352681813,190.20170384598856,160.4938194336419
200.0,70,1106.7083283518004,129.4176070150449,253.09803693902674,241.22217843809628,120.17657756981949,199.95121786970924,162.84271052010385
200.0,75,1121.8861842607434,139.80409002681384,260.72850399543563,244.23915931402001,122.16377756981949,192.4775230655554,162.473130289099
200.0,80,1130.8269411773872,140.42933238902447,269.4155635037089,240.89814117159807,122.16377756981949,190.15009029181644,167.77003625141987
200.0,85,1129.8004154017092,146.39093238902447,261.36165667392464,239.89357236816073,122.16377756981949,196.13516115424449,163.85531524653538
200.0,90,1138.1239541575333,146.39093238902447,269.9791282164947,234.7898163148302,122.16377756981949,200.08468165321474,164.7156180141494
200.0,95,1135.6202290390042,146.39093238902447,263.05437314174844,239.8842954062717,122.16377756981949,194.11203251799066,170.01481801414943
200.0,100,1140.2227548911073,146.39093238902447,258.2137170838284,250.06343170831806,122.16377756981949,192.0512781259678,171.3396180141494
210.0,20,837.0717934333295,116.40657803619807,191.92170662106707,182.98504877990928,85.28300516920076,127.74260671353879,132.7328481134155
210.0,25,946.8437786045356,134.90947095957185,203.86979518922732,202.9764601431828,94.05653900590502,169.79694014501612,141.23457316163257
210.0,30,979.5033920472133,126.52186303135852,210.67601202377773,211.56623882079117,121.16278545854524,168.94067030398807,140.6358224087526
210.0,35,1033.4053181725224,128.9597775305913,246.31682262243916,223.3892336111517,105.85473539311441,170.41383840251044,158.47091061271541
210.0,40,1072.9615638373264,136.7480181808775,249.31030049081443,215.9182724566254,125.67371409168942,175.7183286858771,169.59292993144254
210.0,45,1043.8588230888,137.44928700779744,234.2221510354279,219.19091434462226,102.71150505027981,191.46511323136144,158.81985241931096
210.0,50,1094.5503381057663,148.35819431388094,252.96399163981513,236.73035325358802,113.54486413597434,193.03944022809557,149.91349453441225
210.0,55,1068.3673485313939,135.1150962435719,248.33668094578312,242.33997998503395,103.26966412097687,185.28324511845466,154.0226821175735
210.0,60,1103.2454373581693,145.7134962435719,269.9014716748521,223.3074112341319,105.14780278721362,194.56909150122598,164.60616391717386
210.0,65,1084.4213579007746,124.96732961722745,242.49214479579774,243.8727454727513,115.51142821216443,198.37797105639243,159.19973874644103
210.0,70,1107.282678880494,135.8576754527013,252.5403510726875,239.354339395405,121.47302821216442,200.06035901297656,157.99692573455914
210.0,75,1128.4528891297798,144.3886962435719,265.8867760086143,245.0561228272419,121.47302821216442,183.052940103628,168.59532573455914
210.0,80,1133.7734545357441,145.7134962435719,270.0833700713166,240.61926307156304,121.47302821216442,195.1576375910035,160.726659346125
210.0,85,1135.2815804049021,145.7134962435719,269.59939789469183,235.2246894180507,121.47302821216442,197.65573728535605,165.61523135106725
210.0,90,1126.433620878717,145.7134962435719,261.24512710159667,237.71529252859068,121.47302821216442,192.11155901297656,168.1751177798167
210.0,95,1136.614494235837,145.7134962435719,259.184990849497,248.7074225718923,121.47302821216442,190.71083857889462,170.82471777981672
210.0,100,1138.7418282966355,145.7134962435719,255.04283305376865,244.56060723378894,121.47302821216442,201.12714577352497,170.82471777981672
220.0,20,874.3754330134996,120.66080793864013,201.6826454243465,191.66146886335264,88.56722656778854,133.54483210304483,138.25845211632694
220.0,25,948.6390555961849,109.73832022985299,211.63442559279997,212.9677008497898,98.22192649523014,178.39744880862983,137.67923361988247
220.0,30,1010.4552800033292,128.7788403229192,221.51090711172102,216.30473309568214,123.5115202172087,176.8027289249528,143.5465503308454
220.0,35,1032.147411678519,127.50254711499142,224.02023550051643,234.01444278076332,110.70862995476736,177.69670046517868,158.20485586230174
220.0,40,1058.3444468798987,140.25514742157037,234.14113957160254,211.90852607661176,127.98115451944433,179.8090478070526,164.249431483617
220.0,45,1049.2868538993982,141.1887230572907,233.66409815409529,224.0286008114916,108.20182229445402,194.00652261296025,148.19708696910638
220.0,50,1067.0878453945284,133.78218648074457,236.69082358749915,230.93548403782358,125.02675925538081,188.38037438011355,152.27221765296676
220.0,55,1075.0630719390713,139.74753283290843,258.828008371591,237.21341690126826,103.30998057499146,178.53626311311993,157.42787014519217
220.0,60,1084.9356421982902,129.64329075052328,255.45241648545294,233.01765090670355,110.47721139571597,192.44330865655084,163.90176400334363
220.0,65,1101.2525031928246,131.27968253896225,249.61634988893152,242.5568260910641,120.79316133361759,194.29184369288427,162.71463964736503
220.0,70,1119.815578767566,141.35362332208265,265.1979852078071,245.436945809137,120.79316133361759,182.90683618539182,164.12702690952977
220.0,75,1117.501130818766,143.05953283290845,269.8120409541974,235.29201893748788,120.79316133361759,191.93805345073568,156.60632330981892
220.0,80,1139.161676595505,145.04673283290845,268.21712253733216,241.72536483008756,120.79316133361759,197.8204472212917,165.55884784026787
220.0,85,1123.9307564171982,145.04673283290845,264.07881276595106,234.89718972868408,120.79316133361759,189.45933016385945,169.6555295921777
220.0,90,1147.186993121688,145.04673283290845,265.0047872102857,245.96665198883923,120.79316133361759,200.05773016385945,170.31792959217768
220.0,95,1136.9399704568284,145.04673283290845,258.916160113048,242.97686703525417,120.79316133361759,198.88911954982237,170.31792959217768
220.0,100,1140.871908052288,145.04673283290845,258.4003997319117,248.2431543978131,120.79316133361759,198.07053016385944,170.31792959217768
230.0,20,878.3858175779085,126.69400540559813,186.33984513778526,187.63137759193407,93.66963011968592,139.49121511469824,144.5597442082068
230.0,25,931.2114442653232,113.55947655020096,209.07730833137128,198.61710663285092,99.44022783440342,174.64256199722666,135.87476291926993
230.0,30,1011.892553318635,132.49783923333567,232.0028414110468,214.0698196920506,101.21784579555029,185.33252777648562,146.77167941016597
230.0,35,1031.3435060811096,125.07347989196725,231.46827897490627,230.98552570266833,110.6820940329322,173.20521688815256,159.92891059048287
230.0,40,1040.3153539258187,138.2644493242002,242.6416154782037,219.96012524890838,100.71939923455176,187.61887371745934,151.11089092249526
230.0,45,1066.9450418794163,144.6258574936654,242.58802718143167,230.68738044684642,112.34980785629284,185.85415003502035,150.83981886615965
230.0,50,1056.626416323119,132.24719573903147,244.19561266888678,231.42881504100802,126.10815118506797,170.56081542053934,152.08582626858535
230.0,55,1090.7926307540386,143.72759975063,267.63369159265807,220.14319139484502,103.89293025501713,193.22413100103003,162.17108675985835
230.0,60,1079.5007585007754,124.29337980974557,241.37320821864125,243.01895865117214,115.48672190297928,197.11658659272604,158.21190332551106
230.0,65,1109.5183220981876,136.48176193403145,254.272136083575,240.23445779218062,120.12352190297928,200.06508642800793,158.34135795741304
230.0,70,1120.8169920447647,138.42839975063,267.1295116406954,239.0553369376667,120.12352190297928,186.95647371745935,169.1237480953339
230.0,75,1117.832670829276,144.38999975063,259.10096472250626,236.9880406696831,120.12352190297928,194.1274085216696,163.10273526180757
230.0,80,1130.3658739322202,144.38999975063,269.1661977198008,230.0747009543805,120.12352190297928,200.76708842830695,165.8443651761229
230.0,85,1138.3410674432903,144.38999975063,265.22810772874556,242.02758645680467,120.12352190297928,196.75308642800795,169.8187651761229
230.0,90,1129.3710413976487,144.38999975063,259.8823049900145,239.4549150329899,120.12352190297928,195.70153454491233,169.8187651761229
230.0,95,1134.2772207521634,144.38999975063,256.26032684689767,247.5939206475256,120.12352190297928,196.09068642800793,169.8187651761229
230.0,100,1136.1501719330179,144.38999975063,266.9712915926581,234.78150708261984,120.12352190297928,200.06508642800793,169.8187651761229
240.0,20,871.9896650909133,116.91238667486343,194.46115926942053,194.24601429650295,97.26603272174246,133.62972582287676,135.4743463055072
240.0,25,943.0196424629206,118.22793067591803,216.26247690109386,198.12223355228494,100.78310307741575,168.48313764017874,141.14076061602927
240.0,30,997.1086177502173,136.3055277360749,241.1309228339716,205.35089603676386,96.5485927970815,168.40890143215748,149.36377691416786
240.0,35,1049.3405986858618,129.88152625019328,241.18216693113007,232.87613922503328,112.2272888487081,170.7948255661106,162.3786518646863
240.0,40,1067.3802764874551,136.04842766402422,252.3409552243471,215.89592845423743,100.62269106595686,205.21485840441446,157.257415674475
240.0,45,1095.4817605326043,147.39698004686144,252.77399508429218,235.8215085333947,118.39074621135525,192.54207225579006,148.5564584009107
240.0,50,1074.5288448285817,136.45631935209227,251.91765328205997,242.4765738372118,103.34584574376878,185.28593305844507,155.04651955500373
240.0,55,1065.95701829278,127.38656917245001,252.0793916755248,228.8473958193231,108.57841167163902,190.2660250009113,158.79922495293178
240.0,60,1095.9274329624466,130.09921389918242,250.45933069759118,240.44530323561278,119.46352092353058,192.96409846423066,162.49596574229918
240.0,65,1113.1427623052198,140.65980165291612,264.3309792678175,244.14606869511616,119.46352092353058,180.71890077255426,163.8234909932852
240.0,70,1118.6863455451019,143.74271935209225,268.75933658175273,237.29974659949042,119.46352092353058,192.07521778191511,157.34580430632053
240.0,75,1124.7058532848996,143.74271935209225,268.42021845672383,232.60438959205771,119.46352092353058,195.70818895378468,164.7668160067105
240.0,80,1121.0860509127679,143.74271935209225,260.4981912291181,237.24656286758503,119.46352092353058,192.13307106029936,168.00198548014228
240.0,85,1113.4555342178332,143.74271935209225,254.2126236346026,234.65961741975573,119.46352092353058,192.05026740770958,169.32678548014226
240.0,90,1121.8381947209364,143.74271935209225,252.5746962202856,244.59740168458612,119.46352092353058,192.13307106029936,169.32678548014226
240.0,95,1128.5108143383025,143.74271935209225,263.8605097711188,232.69780775111914,119.46352092353058,199.41947106029934,169.32678548014226
240.0,100,1109.4194491375326,143.74271935209225,251.02845349376042,226.4384988277076,119.46352092353058,199.41947106029934,169.32678548014226
