,Unnamed: 0,DATA NUMBER,YEAR,MONTH,DAY,HOUR,TYPHOON NUMBER,TYPHOON NAME,CLASS,LAT,LON,CENTRAL PRESSURE,MAX WINDSPEED,50KT MAJORAXIS DIRECTION,50KT MAJORAXIS,50KT MINORAXIS,30KT MAJORAXIS DIRECTION,30KT MAJORAXIS,30KT MINORAXIS,LANDING,Datetime,unixtime
19,19,19,2019,2,18,12,1901,WUTIP,2,4.7,162.5,1006,0,0,0,0,0,0,0,0,2019/2/18 12:00,1550491200
20,20,20,2019,2,18,18,1901,WUTIP,2,4.8,161.2,1004,0,0,0,0,0,0,0,0,2019/2/18 18:00,1550512800
21,21,21,2019,2,19,0,1901,WUTIP,2,5.2,159.8,1006,0,0,0,0,0,0,0,0,2019/2/19 0:00,1550534400
22,22,22,2019,2,19,6,1901,WUTIP,2,4.9,158.4,1004,0,0,0,0,0,0,0,0,2019/2/19 6:00,1550556000
23,23,23,2019,2,19,12,1901,WUTIP,2,4.5,156.6,1004,0,0,0,0,0,0,0,0,2019/2/19 12:00,1550577600
24,24,24,2019,2,19,18,1901,WUTIP,3,4.5,155.5,1000,35,0,0,0,8,150,90,0,2019/2/19 18:00,1550599200
25,25,25,2019,2,20,0,1901,WUTIP,3,4.7,154.6,994,45,0,0,0,8,150,90,0,2019/2/20 0:00,1550620800
26,26,26,2019,2,20,6,1901,WUTIP,4,4.7,153.8,992,50,0,0,0,8,210,120,0,2019/2/20 6:00,1550642400
27,27,27,2019,2,20,12,1901,WUTIP,4,5,152.6,985,60,9,30,30,8,270,180,0,2019/2/20 12:00,1550664000
28,28,28,2019,2,20,18,1901,WUTIP,5,5.7,151.6,980,65,9,50,50,8,270,180,0,2019/2/20 18:00,1550685600
29,29,29,2019,2,21,0,1901,WUTIP,5,6.1,150.5,975,70,9,60,60,8,270,180,0,2019/2/21 0:00,1550707200
30,30,30,2019,2,21,6,1901,WUTIP,5,6.4,149.6,960,80,9,70,70,8,270,210,0,2019/2/21 6:00,1550728800
31,31,31,2019,2,21,12,1901,WUTIP,5,6.9,148.7,960,80,9,70,70,8,270,210,0,2019/2/21 12:00,1550750400
32,32,32,2019,2,21,18,1901,WUTIP,5,7.5,147.9,960,80,9,70,70,8,270,210,0,2019/2/21 18:00,1550772000
33,33,33,2019,2,22,0,1901,WUTIP,5,8.2,146.8,960,80,9,70,70,8,270,210,0,2019/2/22 0:00,1550793600
34,34,34,2019,2,22,6,1901,WUTIP,5,9.2,146.2,960,80,9,70,70,8,270,210,0,2019/2/22 6:00,1550815200
35,35,35,2019,2,22,12,1901,WUTIP,5,9.9,145,960,80,9,70,70,8,270,210,0,2019/2/22 12:00,1550836800
36,36,36,2019,2,22,18,1901,WUTIP,5,10.1,144,960,80,9,70,70,9,240,240,0,2019/2/22 18:00,1550858400
37,37,37,2019,2,23,0,1901,WUTIP,5,10.6,143.7,955,85,9,70,70,9,240,240,0,2019/2/23 0:00,1550880000
38,38,38,2019,2,23,6,1901,WUTIP,5,11.4,143.3,940,95,9,70,70,9,240,240,0,2019/2/23 6:00,1550901600
39,39,39,2019,2,23,12,1901,WUTIP,5,12,142.8,920,105,9,80,80,9,240,240,0,2019/2/23 12:00,1550923200
40,40,40,2019,2,23,18,1901,WUTIP,5,12.4,142.4,920,105,9,80,80,9,240,240,0,2019/2/23 18:00,1550944800
41,41,41,2019,2,24,0,1901,WUTIP,5,12.7,142.1,920,105,9,80,80,9,240,240,0,2019/2/24 0:00,1550966400
42,42,42,2019,2,24,6,1901,WUTIP,5,12.9,141.7,940,95,9,70,70,8,240,150,0,2019/2/24 6:00,1550988000
43,43,43,2019,2,24,12,1901,WUTIP,5,13.1,141.2,940,95,9,70,70,8,240,150,0,2019/2/24 12:00,1551009600
44,44,44,2019,2,24,18,1901,WUTIP,5,13.1,140.7,940,95,9,70,70,8,240,120,0,2019/2/24 18:00,1551031200
45,45,45,2019,2,25,0,1901,WUTIP,5,13.4,140.4,935,100,9,70,70,8,240,120,0,2019/2/25 0:00,1551052800
46,46,46,2019,2,25,6,1901,WUTIP,5,13.8,140.2,935,100,9,70,70,8,240,120,0,2019/2/25 6:00,1551074400
47,47,47,2019,2,25,12,1901,WUTIP,5,14.2,140.1,935,100,9,70,70,8,240,120,0,2019/2/25 12:00,1551096000
48,48,48,2019,2,25,18,1901,WUTIP,5,14.6,139.9,935,100,9,70,70,1,240,120,0,2019/2/25 18:00,1551117600
49,49,49,2019,2,26,0,1901,WUTIP,5,14.9,139.9,950,90,9,60,60,1,210,120,0,2019/2/26 0:00,1551139200
50,50,50,2019,2,26,6,1901,WUTIP,5,15.2,139.9,940,95,9,60,60,1,210,120,0,2019/2/26 6:00,1551160800
51,51,51,2019,2,26,12,1901,WUTIP,5,15.4,140.1,950,85,9,50,50,1,180,90,0,2019/2/26 12:00,1551182400
52,52,52,2019,2,26,18,1901,WUTIP,5,15.7,140.1,955,80,9,50,50,1,180,90,0,2019/2/26 18:00,1551204000
53,53,53,2019,2,27,0,1901,WUTIP,5,16,140,965,70,9,50,50,1,180,90,0,2019/2/27 0:00,1551225600
54,54,54,2019,2,27,6,1901,WUTIP,5,16.4,139.8,970,65,9,40,40,1,180,90,0,2019/2/27 6:00,1551247200
55,55,55,2019,2,27,12,1901,WUTIP,4,16.5,139,980,55,9,30,30,1,180,90,0,2019/2/27 12:00,1551268800
56,56,56,2019,2,27,18,1901,WUTIP,4,16.7,137.7,990,50,0,0,0,1,150,90,0,2019/2/27 18:00,1551290400
57,57,57,2019,2,28,0,1901,WUTIP,3,17.2,136.7,996,40,0,0,0,1,150,90,0,2019/2/28 0:00,1551312000
58,58,58,2019,2,28,6,1901,WUTIP,2,17.6,135.6,1004,0,0,0,0,0,0,0,0,2019/2/28 6:00,1551333600
59,59,59,2019,2,28,12,1901,WUTIP,2,18.2,135,1010,0,0,0,0,0,0,0,0,2019/2/28 12:00,1551355200
60,60,60,2019,2,28,18,1901,WUTIP,2,18.6,134.6,1010,0,0,0,0,0,0,0,0,2019/2/28 18:00,1551376800
61,61,61,2019,3,1,0,1901,WUTIP,2,19.1,134.4,1012,0,0,0,0,0,0,0,0,2019/3/1 0:00,1551398400
62,62,62,2019,3,1,6,1901,WUTIP,2,19.4,134.2,1010,0,0,0,0,0,0,0,0,2019/3/1 6:00,1551420000
63,63,63,2019,3,1,12,1901,WUTIP,2,19.7,134,1012,0,0,0,0,0,0,0,0,2019/3/1 12:00,1551441600
64,64,64,2019,3,1,18,1901,WUTIP,2,19.6,134,1010,0,0,0,0,0,0,0,0,2019/3/1 18:00,1551463200
65,65,65,2019,3,2,0,1901,WUTIP,2,19.4,133.9,1010,0,0,0,0,0,0,0,0,2019/3/2 0:00,1551484800
66,66,66,2019,3,2,6,1901,WUTIP,2,18.9,133.1,1008,0,0,0,0,0,0,0,0,2019/3/2 6:00,1551506400
67,67,67,2019,6,24,12,1902,SEPAT,2,17.9,127.7,1008,0,0,0,0,0,0,0,0,2019/6/24 12:00,1561377600
68,68,68,2019,6,24,18,1902,SEPAT,2,18.4,127.8,1006,0,0,0,0,0,0,0,0,2019/6/24 18:00,1561399200
69,69,69,2019,6,25,0,1902,SEPAT,2,18.9,127.9,1006,0,0,0,0,0,0,0,0,2019/6/25 0:00,1561420800
70,70,70,2019,6,25,6,1902,SEPAT,2,19.4,128,1006,0,0,0,0,0,0,0,0,2019/6/25 6:00,1561442400
71,71,71,2019,6,25,12,1902,SEPAT,2,19.8,128.1,1006,0,0,0,0,0,0,0,0,2019/6/25 12:00,1561464000
72,72,72,2019,6,25,18,1902,SEPAT,2,20.5,128.2,1006,0,0,0,0,0,0,0,0,2019/6/25 18:00,1561485600
73,73,73,2019,6,26,0,1902,SEPAT,2,21.4,128.4,1004,0,0,0,0,0,0,0,0,2019/6/26 0:00,1561507200
74,74,74,2019,6,26,6,1902,SEPAT,2,22.9,128.8,1004,0,0,0,0,0,0,0,0,2019/6/26 6:00,1561528800
75,75,75,2019,6,26,12,1902,SEPAT,2,24.8,129.5,1004,0,0,0,0,0,0,0,0,2019/6/26 12:00,1561550400
82,82,82,2019,6,28,6,1902,SEPAT,6,36,147,992,0,0,0,0,0,0,0,0,2019/6/28 6:00,1561701600
83,83,83,2019,6,28,12,1902,SEPAT,6,37,151,992,0,0,0,0,0,0,0,0,2019/6/28 12:00,1561723200
84,84,84,2019,6,28,18,1902,SEPAT,6,38,154.3,994,0,0,0,0,0,0,0,0,2019/6/28 18:00,1561744800
85,85,85,2019,6,29,0,1902,SEPAT,6,39,156.3,994,0,0,0,0,0,0,0,0,2019/6/29 0:00,1561766400
86,86,86,2019,6,29,6,1902,SEPAT,6,39.8,158.5,998,0,0,0,0,0,0,0,0,2019/6/29 6:00,1561788000
87,87,87,2019,6,29,12,1902,SEPAT,6,41,160.1,1002,0,0,0,0,0,0,0,0,2019/6/29 12:00,1561809600
88,88,88,2019,6,29,18,1902,SEPAT,6,42.2,160.8,1004,0,0,0,0,0,0,0,0,2019/6/29 18:00,1561831200
89,89,89,2019,6,30,0,1902,SEPAT,6,43.8,161.6,1004,0,0,0,0,0,0,0,0,2019/6/30 0:00,1561852800
90,90,90,2019,6,30,6,1902,SEPAT,6,44.3,163.3,1004,0,0,0,0,0,0,0,0,2019/6/30 6:00,1561874400
91,91,91,2019,6,30,12,1902,SEPAT,6,45,165.5,1004,0,0,0,0,0,0,0,0,2019/6/30 12:00,1561896000
92,92,92,2019,6,30,18,1902,SEPAT,6,46.1,168.2,1004,0,0,0,0,0,0,0,0,2019/6/30 18:00,1561917600
93,93,93,2019,7,1,0,1902,SEPAT,6,47.4,169.9,1004,0,0,0,0,0,0,0,0,2019/7/1 0:00,1561939200
94,94,94,2019,7,1,6,1902,SEPAT,6,49.3,172.2,1004,0,0,0,0,0,0,0,0,2019/7/1 6:00,1561960800
95,95,95,2019,7,1,12,1902,SEPAT,6,51.3,174.3,1002,0,0,0,0,0,0,0,0,2019/7/1 12:00,1561982400
96,96,96,2019,7,1,18,1902,SEPAT,6,53.6,176.7,1002,0,0,0,0,0,0,0,0,2019/7/1 18:00,1562004000
97,97,97,2019,7,2,0,1902,SEPAT,6,57.2,178.7,1002,0,0,0,0,0,0,0,0,2019/7/2 0:00,1562025600
98,98,98,2019,7,2,6,1902,SEPAT,6,59.5,179.5,1002,0,0,0,0,0,0,0,0,2019/7/2 6:00,1562047200
99,99,99,2019,7,2,12,1902,SEPAT,6,61.1,182,1002,0,0,0,0,0,0,0,0,2019/7/2 12:00,1562068800
113,113,113,2019,7,14,0,1903,DANAS,2,12.6,136.7,1004,0,0,0,0,0,0,0,0,2019/7/14 0:00,1563062400
114,114,114,2019,7,14,6,1903,DANAS,2,13.3,135.3,1004,0,0,0,0,0,0,0,0,2019/7/14 6:00,1563084000
115,115,115,2019,7,14,12,1903,DANAS,2,14,134.3,1004,0,0,0,0,0,0,0,0,2019/7/14 12:00,1563105600
116,116,116,2019,7,14,18,1903,DANAS,2,15,133.2,1002,0,0,0,0,0,0,0,0,2019/7/14 18:00,1563127200
117,117,117,2019,7,15,0,1903,DANAS,2,15.6,132.1,1002,0,0,0,0,0,0,0,0,2019/7/15 0:00,1563148800
118,118,118,2019,7,15,6,1903,DANAS,2,16.4,131.2,1000,0,0,0,0,0,0,0,0,2019/7/15 6:00,1563170400
119,119,119,2019,7,15,12,1903,DANAS,2,16.9,129.5,1000,0,0,0,0,0,0,0,0,2019/7/15 12:00,1563192000
120,120,120,2019,7,15,18,1903,DANAS,2,17,127.5,998,0,0,0,0,0,0,0,0,2019/7/15 18:00,1563213600
121,121,121,2019,7,16,0,1903,DANAS,2,17,126,998,0,0,0,0,0,0,0,0,2019/7/16 0:00,1563235200
122,122,122,2019,7,16,6,1903,DANAS,3,17.1,124.9,994,35,0,0,0,3,300,210,0,2019/7/16 6:00,1563256800
123,123,123,2019,7,16,12,1903,DANAS,3,17.2,123.9,994,35,0,0,0,3,300,210,0,2019/7/16 12:00,1563278400
124,124,124,2019,7,16,18,1903,DANAS,3,17.3,123.4,994,35,0,0,0,3,300,210,0,2019/7/16 18:00,1563300000
125,125,125,2019,7,17,0,1903,DANAS,3,18.1,123.5,994,35,0,0,0,3,300,210,0,2019/7/17 0:00,1563321600
126,126,126,2019,7,17,6,1903,DANAS,3,19,123.7,994,35,0,0,0,3,350,270,0,2019/7/17 6:00,1563343200
127,127,127,2019,7,17,12,1903,DANAS,3,20.5,124.1,992,35,0,0,0,3,350,270,0,2019/7/17 12:00,1563364800
128,128,128,2019,7,17,18,1903,DANAS,3,21.9,124.1,992,35,0,0,0,3,350,270,0,2019/7/17 18:00,1563386400
129,129,129,2019,7,18,0,1903,DANAS,3,23.6,124.1,990,40,0,0,0,3,350,270,0,2019/7/18 0:00,1563408000
151,151,151,2019,7,24,0,1904,NARI,2,23,137,1008,0,0,0,0,0,0,0,0,2019/7/24 0:00,1563926400
152,152,152,2019,7,24,6,1904,NARI,2,23.5,137.5,1006,0,0,0,0,0,0,0,0,2019/7/24 6:00,1563948000
153,153,153,2019,7,24,12,1904,NARI,2,24.3,137.8,1006,0,0,0,0,0,0,0,0,2019/7/24 12:00,1563969600
154,154,154,2019,7,24,18,1904,NARI,2,25.3,137.8,1006,0,0,0,0,0,0,0,0,2019/7/24 18:00,1563991200
155,155,155,2019,7,25,0,1904,NARI,2,26.3,137.7,1006,0,0,0,0,0,0,0,0,2019/7/25 0:00,1564012800
156,156,156,2019,7,25,6,1904,NARI,2,26.5,137.5,1004,0,0,0,0,0,0,0,0,2019/7/25 6:00,1564034400
157,157,157,2019,7,25,12,1904,NARI,2,27.5,137.5,1006,0,0,0,0,0,0,0,0,2019/7/25 12:00,1564056000
158,158,158,2019,7,25,18,1904,NARI,3,28.5,137.3,1002,35,0,0,0,2,210,120,0,2019/7/25 18:00,1564077600
159,159,159,2019,7,26,0,1904,NARI,3,29.7,137.1,1000,35,0,0,0,2,210,120,0,2019/7/26 0:00,1564099200
160,160,160,2019,7,26,6,1904,NARI,3,30.9,136.2,1000,35,0,0,0,2,210,120,0,2019/7/26 6:00,1564120800
161,161,161,2019,7,26,12,1904,NARI,3,32,135.8,1000,35,0,0,0,2,210,120,0,2019/7/26 12:00,1564142400
168,168,168,2019,7,28,6,1904,NARI,6,37.6,143.7,1010,0,0,0,0,0,0,0,0,2019/7/28 6:00,1564293600
169,169,169,2019,7,28,12,1904,NARI,6,38.2,145.7,1010,0,0,0,0,0,0,0,0,2019/7/28 12:00,1564315200
170,170,170,2019,7,28,18,1904,NARI,6,38.7,147.7,1010,0,0,0,0,0,0,0,0,2019/7/28 18:00,1564336800
171,171,171,2019,7,29,0,1904,NARI,6,39.3,149.8,1010,0,0,0,0,0,0,0,0,2019/7/29 0:00,1564358400
172,172,172,2019,7,29,6,1904,NARI,6,39.8,151.6,1008,0,0,0,0,0,0,0,0,2019/7/29 6:00,1564380000
173,173,173,2019,7,29,12,1904,NARI,6,40.5,152.9,1010,0,0,0,0,0,0,0,0,2019/7/29 12:00,1564401600
196,196,196,2019,8,1,0,1905,FRANCISCO,2,17.4,154.7,1002,0,0,0,0,0,0,0,0,2019/8/1 0:00,1564617600
197,197,197,2019,8,1,6,1905,FRANCISCO,2,18.1,154.4,1002,0,0,0,0,0,0,0,0,2019/8/1 6:00,1564639200
198,198,198,2019,8,1,12,1905,FRANCISCO,2,18.7,154.1,1002,0,0,0,0,0,0,0,0,2019/8/1 12:00,1564660800
199,199,199,2019,8,1,18,1905,FRANCISCO,2,19.5,153.5,1000,0,0,0,0,0,0,0,0,2019/8/1 18:00,1564682400
200,200,200,2019,8,2,0,1905,FRANCISCO,2,20.3,152.9,1000,0,0,0,0,0,0,0,0,2019/8/2 0:00,1564704000
201,201,201,2019,8,2,6,1905,FRANCISCO,2,21.3,152.1,1000,0,0,0,0,0,0,0,0,2019/8/2 6:00,1564725600
202,202,202,2019,8,2,12,1905,FRANCISCO,3,22.3,151.2,998,35,0,0,0,1,150,90,0,2019/8/2 12:00,1564747200
203,203,203,2019,8,2,18,1905,FRANCISCO,3,23.3,150,998,35,0,0,0,1,150,90,0,2019/8/2 18:00,1564768800
204,204,204,2019,8,3,0,1905,FRANCISCO,3,24.3,148.6,998,35,0,0,0,1,150,90,0,2019/8/3 0:00,1564790400
205,205,205,2019,8,3,6,1905,FRANCISCO,3,25.1,147.4,996,40,0,0,0,1,150,90,0,2019/8/3 6:00,1564812000
206,206,206,2019,8,3,12,1905,FRANCISCO,3,25.9,146.1,996,40,0,0,0,1,150,90,0,2019/8/3 12:00,1564833600
207,207,208,2019,8,3,18,1905,FRANCISCO,3,26.7,144.6,992,45,0,0,0,9,120,120,0,2019/8/3 18:00,1564855200
208,208,210,2019,8,4,0,1905,FRANCISCO,4,27.6,143.1,990,50,0,0,0,1,120,90,0,2019/8/4 0:00,1564876800
209,209,212,2019,8,4,6,1905,FRANCISCO,4,28.6,141.4,990,50,0,0,0,1,120,90,0,2019/8/4 6:00,1564898400
210,210,213,2019,8,4,12,1905,FRANCISCO,4,29.2,140.1,985,55,9,30,30,1,120,90,0,2019/8/4 12:00,1564920000
211,211,214,2019,8,4,18,1905,FRANCISCO,4,29.9,138.2,980,60,9,30,30,1,120,90,0,2019/8/4 18:00,1564941600
212,212,215,2019,8,5,0,1905,FRANCISCO,4,30.4,136.2,980,60,9,30,30,8,150,90,0,2019/8/5 0:00,1564963200
213,213,216,2019,8,5,6,1905,FRANCISCO,4,30.8,134.6,980,60,9,40,40,8,150,90,0,2019/8/5 6:00,1564984800
214,214,218,2019,8,5,12,1905,FRANCISCO,5,31.2,133,970,70,9,40,40,2,120,90,0,2019/8/5 12:00,1565006400
230,230,238,2019,8,9,12,1905,FRANCISCO,6,41,148.7,1002,0,0,0,0,0,0,0,0,2019/8/9 12:00,1565352000
231,231,239,2019,8,9,18,1905,FRANCISCO,6,40.6,152,1004,0,0,0,0,0,0,0,0,2019/8/9 18:00,1565373600
232,232,240,2019,8,10,0,1905,FRANCISCO,6,40.3,155.5,1006,0,0,0,0,0,0,0,0,2019/8/10 0:00,1565395200
233,233,241,2019,8,10,6,1905,FRANCISCO,6,40,159.2,1006,0,0,0,0,0,0,0,0,2019/8/10 6:00,1565416800
234,234,242,2019,8,10,12,1905,FRANCISCO,6,40.2,163.1,1006,0,0,0,0,0,0,0,0,2019/8/10 12:00,1565438400
235,235,243,2019,8,10,18,1905,FRANCISCO,6,41,167.1,1006,0,0,0,0,0,0,0,0,2019/8/10 18:00,1565460000
236,236,244,2019,8,11,0,1905,FRANCISCO,6,41.5,170.1,1006,0,0,0,0,0,0,0,0,2019/8/11 0:00,1565481600
237,237,245,2019,8,11,6,1905,FRANCISCO,6,42.5,172.2,1006,0,0,0,0,0,0,0,0,2019/8/11 6:00,1565503200
238,238,246,2019,8,2,6,1906,LEKIMA,2,14.5,134.3,1002,0,0,0,0,0,0,0,0,2019/8/2 6:00,1564725600
239,239,247,2019,8,2,12,1906,LEKIMA,2,14.4,133.8,1002,0,0,0,0,0,0,0,0,2019/8/2 12:00,1564747200
240,240,248,2019,8,2,18,1906,LEKIMA,2,14.3,133.3,1000,0,0,0,0,0,0,0,0,2019/8/2 18:00,1564768800
241,241,249,2019,8,3,0,1906,LEKIMA,2,14.3,132.8,1000,0,0,0,0,0,0,0,0,2019/8/3 0:00,1564790400
242,242,250,2019,8,3,6,1906,LEKIMA,2,14.5,132.3,1000,0,0,0,0,0,0,0,0,2019/8/3 6:00,1564812000
243,243,251,2019,8,3,12,1906,LEKIMA,2,15,131.9,1000,0,0,0,0,0,0,0,0,2019/8/3 12:00,1564833600
244,244,252,2019,8,3,18,1906,LEKIMA,2,15.7,131.5,998,0,0,0,0,0,0,0,0,2019/8/3 18:00,1564855200
245,245,253,2019,8,4,0,1906,LEKIMA,2,16.3,131,998,0,0,0,0,0,0,0,0,2019/8/4 0:00,1564876800
246,246,254,2019,8,4,6,1906,LEKIMA,3,16.9,130.6,994,35,0,0,0,4,350,180,0,2019/8/4 6:00,1564898400
247,247,255,2019,8,4,12,1906,LEKIMA,3,17.5,130.2,994,40,0,0,0,4,350,180,0,2019/8/4 12:00,1564920000
248,248,256,2019,8,4,18,1906,LEKIMA,3,17.7,130.1,994,40,0,0,0,4,350,180,0,2019/8/4 18:00,1564941600
249,249,257,2019,8,5,0,1906,LEKIMA,3,17.9,130,994,40,0,0,0,4,350,180,0,2019/8/5 0:00,1564963200
250,250,258,2019,8,5,6,1906,LEKIMA,3,18,129.9,990,45,0,0,0,4,350,180,0,2019/8/5 6:00,1564984800
251,251,259,2019,8,5,12,1906,LEKIMA,3,18.2,129.8,990,45,0,0,0,4,350,230,0,2019/8/5 12:00,1565006400
252,252,260,2019,8,5,18,1906,LEKIMA,4,18.5,129.5,985,50,0,0,0,4,350,230,0,2019/8/5 18:00,1565028000
253,253,261,2019,8,6,0,1906,LEKIMA,4,18.8,129.3,985,50,0,0,0,4,350,230,0,2019/8/6 0:00,1565049600
254,254,262,2019,8,6,6,1906,LEKIMA,4,19.2,129,980,55,9,30,30,4,350,230,0,2019/8/6 6:00,1565071200
255,255,263,2019,8,6,12,1906,LEKIMA,5,19.5,128.7,975,65,9,40,40,4,350,270,0,2019/8/6 12:00,1565092800
256,256,264,2019,8,6,18,1906,LEKIMA,5,19.9,128.4,970,70,9,60,60,4,350,270,0,2019/8/6 18:00,1565114400
257,257,265,2019,8,7,0,1906,LEKIMA,5,20.4,128.1,960,75,9,100,100,4,350,270,0,2019/8/7 0:00,1565136000
258,258,266,2019,8,7,6,1906,LEKIMA,5,21,127.6,950,80,9,100,100,9,270,270,0,2019/8/7 6:00,1565157600
259,259,267,2019,8,7,12,1906,LEKIMA,5,21.6,127,940,90,9,100,100,9,270,270,0,2019/8/7 12:00,1565179200
260,260,268,2019,8,7,18,1906,LEKIMA,5,22.1,126.5,935,95,9,100,100,9,270,270,0,2019/8/7 18:00,1565200800
261,261,270,2019,8,8,0,1906,LEKIMA,5,22.7,126,935,95,9,100,100,9,270,270,0,2019/8/8 0:00,1565222400
262,262,272,2019,8,8,6,1906,LEKIMA,5,23.6,125.4,930,100,9,100,100,9,270,270,0,2019/8/8 6:00,1565244000
289,289,302,2019,8,5,0,1907,KROSA,2,15.6,147.7,1004,0,0,0,0,0,0,0,0,2019/8/5 0:00,1564963200
290,290,303,2019,8,5,6,1907,KROSA,2,16.1,146.5,1000,0,0,0,0,0,0,0,0,2019/8/5 6:00,1564984800
291,291,304,2019,8,5,12,1907,KROSA,2,16.8,145.2,1000,0,0,0,0,0,0,0,0,2019/8/5 12:00,1565006400
292,292,305,2019,8,5,18,1907,KROSA,2,17.5,144,1000,0,0,0,0,0,0,0,0,2019/8/5 18:00,1565028000
293,293,306,2019,8,6,0,1907,KROSA,2,18,143.4,1000,0,0,0,0,0,0,0,0,2019/8/6 0:00,1565049600
294,294,307,2019,8,6,6,1907,KROSA,3,18.5,142.8,998,35,0,0,0,9,300,300,0,2019/8/6 6:00,1565071200
295,295,308,2019,8,6,12,1907,KROSA,3,18.9,142.4,996,40,0,0,0,9,300,300,0,2019/8/6 12:00,1565092800
296,296,309,2019,8,6,18,1907,KROSA,3,19.7,142.1,992,45,0,0,0,9,300,300,0,2019/8/6 18:00,1565114400
297,297,310,2019,8,7,0,1907,KROSA,4,20.5,141.9,990,50,0,0,0,9,300,300,0,2019/8/7 0:00,1565136000
298,298,311,2019,8,7,6,1907,KROSA,4,21.1,141.4,990,50,0,0,0,9,300,300,0,2019/8/7 6:00,1565157600
299,299,312,2019,8,7,12,1907,KROSA,4,21.5,141,980,60,9,40,40,9,300,300,0,2019/8/7 12:00,1565179200
300,300,313,2019,8,7,18,1907,KROSA,5,21.7,140.8,975,65,9,50,50,9,300,300,0,2019/8/7 18:00,1565200800
301,301,314,2019,8,8,0,1907,KROSA,5,21.9,140.5,970,70,9,50,50,9,350,350,0,2019/8/8 0:00,1565222400
302,302,315,2019,8,8,6,1907,KROSA,5,22.1,140.6,965,75,9,90,90,9,350,350,0,2019/8/8 6:00,1565244000
303,303,316,2019,8,8,12,1907,KROSA,5,22.1,140.7,965,75,9,90,90,9,350,350,0,2019/8/8 12:00,1565265600
304,304,317,2019,8,8,18,1907,KROSA,5,22,141,965,75,9,90,90,9,325,325,0,2019/8/8 18:00,1565287200
305,305,318,2019,8,9,0,1907,KROSA,5,22,141.1,965,75,9,90,90,9,325,325,0,2019/8/9 0:00,1565308800
306,306,319,2019,8,9,6,1907,KROSA,5,22,141.3,965,75,9,90,90,4,350,300,0,2019/8/9 6:00,1565330400
307,307,320,2019,8,9,12,1907,KROSA,5,22.2,141.4,965,75,9,90,90,4,350,300,0,2019/8/9 12:00,1565352000
308,308,321,2019,8,9,18,1907,KROSA,5,22.3,141.4,965,70,9,90,90,4,350,300,0,2019/8/9 18:00,1565373600
309,309,322,2019,8,10,0,1907,KROSA,5,22.7,141.3,965,70,9,90,90,4,350,300,0,2019/8/10 0:00,1565395200
310,310,323,2019,8,10,6,1907,KROSA,5,22.9,141,965,65,9,100,100,4,350,300,0,2019/8/10 6:00,1565416800
311,311,324,2019,8,10,12,1907,KROSA,5,22.8,140.7,965,65,9,100,100,4,350,300,0,2019/8/10 12:00,1565438400
312,312,325,2019,8,10,18,1907,KROSA,5,22.7,140.5,965,65,9,100,100,4,450,350,0,2019/8/10 18:00,1565460000
313,313,326,2019,8,11,0,1907,KROSA,5,23.1,140.3,965,65,9,100,100,4,450,350,0,2019/8/11 0:00,1565481600
314,314,327,2019,8,11,6,1907,KROSA,5,23.6,139.8,965,65,9,100,100,4,500,300,0,2019/8/11 6:00,1565503200
315,315,328,2019,8,11,12,1907,KROSA,4,24,139.2,965,60,9,120,120,4,500,300,0,2019/8/11 12:00,1565524800
316,316,329,2019,8,11,18,1907,KROSA,4,24.2,138.5,965,60,9,150,150,4,500,300,0,2019/8/11 18:00,1565546400
317,317,330,2019,8,12,0,1907,KROSA,4,24.7,138,965,60,9,180,180,4,500,300,0,2019/8/12 0:00,1565568000
318,318,331,2019,8,12,6,1907,KROSA,4,25,137.7,970,50,0,0,0,4,600,300,0,2019/8/12 6:00,1565589600
319,319,332,2019,8,12,12,1907,KROSA,4,25.9,137.1,970,50,0,0,0,4,600,300,0,2019/8/12 12:00,1565611200
320,320,333,2019,8,12,18,1907,KROSA,4,26.8,136.4,970,50,0,0,0,4,600,350,0,2019/8/12 18:00,1565632800
321,321,334,2019,8,13,0,1907,KROSA,4,27.4,135.2,970,50,0,0,0,4,600,350,0,2019/8/13 0:00,1565654400
322,322,335,2019,8,13,6,1907,KROSA,4,27.6,134.7,970,50,0,0,0,4,600,325,0,2019/8/13 6:00,1565676000
323,323,336,2019,8,13,12,1907,KROSA,4,28.1,134.3,970,50,0,0,0,4,600,325,0,2019/8/13 12:00,1565697600
324,324,337,2019,8,13,18,1907,KROSA,4,28.3,133.5,965,55,9,130,130,4,450,325,0,2019/8/13 18:00,1565719200
325,325,338,2019,8,14,0,1907,KROSA,4,28.8,133.2,965,55,9,130,130,3,325,280,0,2019/8/14 0:00,1565740800
326,326,339,2019,8,14,6,1907,KROSA,4,29.6,133.1,965,55,3,150,90,3,325,280,0,2019/8/14 6:00,1565762400
327,327,340,2019,8,14,12,1907,KROSA,4,30.6,132.9,965,55,3,150,90,3,325,280,0,2019/8/14 12:00,1565784000
328,328,341,2019,8,14,18,1907,KROSA,4,31.7,132.6,970,55,2,180,90,2,325,270,0,2019/8/14 18:00,1565805600
340,340,357,2019,8,19,12,1908,BAILU,2,13,134,1006,0,0,0,0,0,0,0,0,2019/8/19 12:00,1566216000
341,341,358,2019,8,19,18,1908,BAILU,2,13.1,133.9,1004,0,0,0,0,0,0,0,0,2019/8/19 18:00,1566237600
342,342,359,2019,8,20,0,1908,BAILU,2,13.4,133.8,1004,0,0,0,0,0,0,0,0,2019/8/20 0:00,1566259200
343,343,360,2019,8,20,6,1908,BAILU,2,13.7,133.5,1002,0,0,0,0,0,0,0,0,2019/8/20 6:00,1566280800
344,344,361,2019,8,20,12,1908,BAILU,2,14.1,133.2,1002,0,0,0,0,0,0,0,0,2019/8/20 12:00,1566302400
345,345,362,2019,8,20,18,1908,BAILU,2,14.3,132.8,1000,0,0,0,0,0,0,0,0,2019/8/20 18:00,1566324000
346,346,363,2019,8,21,0,1908,BAILU,2,14.5,132.3,1000,0,0,0,0,0,0,0,0,2019/8/21 0:00,1566345600
347,347,364,2019,8,21,6,1908,BAILU,3,14.6,131.3,998,35,0,0,0,9,300,300,0,2019/8/21 6:00,1566367200
348,348,365,2019,8,21,12,1908,BAILU,3,14.8,130.4,998,35,0,0,0,9,300,300,0,2019/8/21 12:00,1566388800
349,349,366,2019,8,21,18,1908,BAILU,3,15.2,129.8,996,35,0,0,0,9,300,300,0,2019/8/21 18:00,1566410400
350,350,367,2019,8,22,0,1908,BAILU,3,15.4,129.1,994,40,0,0,0,9,300,300,0,2019/8/22 0:00,1566432000
351,351,368,2019,8,22,6,1908,BAILU,3,15.7,128.5,994,40,0,0,0,9,300,300,0,2019/8/22 6:00,1566453600
352,352,369,2019,8,22,12,1908,BAILU,3,16.3,127.8,990,45,0,0,0,9,300,300,0,2019/8/22 12:00,1566475200
353,353,370,2019,8,22,18,1908,BAILU,4,17.2,127.3,985,50,0,0,0,9,300,300,0,2019/8/22 18:00,1566496800
354,354,371,2019,8,23,0,1908,BAILU,4,18.3,126.4,985,50,0,0,0,9,300,300,0,2019/8/23 0:00,1566518400
355,355,372,2019,8,23,6,1908,BAILU,4,19.1,125.4,985,50,0,0,0,9,270,270,0,2019/8/23 6:00,1566540000
356,356,373,2019,8,23,12,1908,BAILU,4,19.9,124.5,985,50,0,0,0,9,270,270,0,2019/8/23 12:00,1566561600
357,357,374,2019,8,23,18,1908,BAILU,4,20.7,123,985,50,0,0,0,9,240,240,0,2019/8/23 18:00,1566583200
368,368,385,2019,8,24,6,1909,PODUL,2,8.4,142.5,1004,0,0,0,0,0,0,0,0,2019/8/24 6:00,1566626400
369,369,386,2019,8,24,12,1909,PODUL,2,8.1,140,1006,0,0,0,0,0,0,0,0,2019/8/24 12:00,1566648000
370,370,387,2019,8,24,18,1909,PODUL,2,8.3,138.6,1006,0,0,0,0,0,0,0,0,2019/8/24 18:00,1566669600
371,371,388,2019,8,25,0,1909,PODUL,2,11,137.7,1006,0,0,0,0,0,0,0,0,2019/8/25 0:00,1566691200
372,372,389,2019,8,25,6,1909,PODUL,2,12,136.9,1004,0,0,0,0,0,0,0,0,2019/8/25 6:00,1566712800
373,373,390,2019,8,25,12,1909,PODUL,2,12.4,135.5,1004,0,0,0,0,0,0,0,0,2019/8/25 12:00,1566734400
374,374,391,2019,8,25,18,1909,PODUL,2,12.5,133.6,1002,0,0,0,0,0,0,0,0,2019/8/25 18:00,1566756000
375,375,392,2019,8,26,0,1909,PODUL,2,12.8,132.2,1002,0,0,0,0,0,0,0,0,2019/8/26 0:00,1566777600
376,376,393,2019,8,26,6,1909,PODUL,2,13.1,130.8,1000,0,0,0,0,0,0,0,0,2019/8/26 6:00,1566799200
377,377,394,2019,8,26,12,1909,PODUL,2,13.5,129.5,1002,0,0,0,0,0,0,0,0,2019/8/26 12:00,1566820800
378,378,395,2019,8,26,18,1909,PODUL,2,13.5,128.2,1002,0,0,0,0,0,0,0,0,2019/8/26 18:00,1566842400
379,379,396,2019,8,27,0,1909,PODUL,2,14.4,126.5,1002,0,0,0,0,0,0,0,0,2019/8/27 0:00,1566864000
380,380,397,2019,8,27,6,1909,PODUL,2,15.4,124.2,1000,0,0,0,0,0,0,0,0,2019/8/27 6:00,1566885600
396,396,413,2019,8,31,0,1910,LINGLING,2,6.2,133.7,1006,0,0,0,0,0,0,0,0,2019/8/31 0:00,1567209600
397,397,414,2019,8,31,6,1910,LINGLING,2,7,132.9,1004,0,0,0,0,0,0,0,0,2019/8/31 6:00,1567231200
398,398,415,2019,8,31,12,1910,LINGLING,2,8,132,1006,0,0,0,0,0,0,0,0,2019/8/31 12:00,1567252800
399,399,416,2019,8,31,18,1910,LINGLING,2,9,131.3,1004,0,0,0,0,0,0,0,0,2019/8/31 18:00,1567274400
400,400,417,2019,9,1,0,1910,LINGLING,2,10.8,130.2,1006,0,0,0,0,0,0,0,0,2019/9/1 0:00,1567296000
401,401,418,2019,9,1,6,1910,LINGLING,2,12.6,129.1,1004,0,0,0,0,0,0,0,0,2019/9/1 6:00,1567317600
402,402,419,2019,9,1,12,1910,LINGLING,2,13.8,127.7,1002,0,0,0,0,0,0,0,0,2019/9/1 12:00,1567339200
403,403,420,2019,9,1,18,1910,LINGLING,2,14.4,126.9,1002,0,0,0,0,0,0,0,0,2019/9/1 18:00,1567360800
404,404,421,2019,9,2,0,1910,LINGLING,3,15.2,126.1,1000,35,0,0,0,1,150,120,0,2019/9/2 0:00,1567382400
405,405,422,2019,9,2,6,1910,LINGLING,3,16.7,125,1000,35,0,0,0,1,210,120,0,2019/9/2 6:00,1567404000
406,406,423,2019,9,2,12,1910,LINGLING,3,18,124.3,998,40,0,0,0,1,210,120,0,2019/9/2 12:00,1567425600
407,407,424,2019,9,2,18,1910,LINGLING,3,18.9,124,994,45,0,0,0,1,210,120,0,2019/9/2 18:00,1567447200
408,408,425,2019,9,3,0,1910,LINGLING,4,19.7,123.9,992,50,0,0,0,2,210,120,0,2019/9/3 0:00,1567468800
409,409,426,2019,9,3,6,1910,LINGLING,4,20.6,124,990,55,9,40,40,2,210,150,0,2019/9/3 6:00,1567490400
410,410,427,2019,9,3,12,1910,LINGLING,4,21.3,124.2,985,60,9,60,60,2,210,150,0,2019/9/3 12:00,1567512000
411,411,428,2019,9,3,18,1910,LINGLING,5,21.7,124.4,980,65,9,60,60,2,180,120,0,2019/9/3 18:00,1567533600
412,412,429,2019,9,4,0,1910,LINGLING,5,22,124.6,975,70,9,60,60,2,180,120,0,2019/9/4 0:00,1567555200
413,413,430,2019,9,4,6,1910,LINGLING,5,22.4,124.9,970,75,9,60,60,2,180,120,0,2019/9/4 6:00,1567576800
414,414,431,2019,9,4,12,1910,LINGLING,5,22.9,125.3,965,80,9,60,60,2,180,120,0,2019/9/4 12:00,1567598400
415,415,432,2019,9,4,18,1910,LINGLING,5,23.5,125.4,955,85,9,70,70,2,180,120,0,2019/9/4 18:00,1567620000
430,430,449,2019,9,8,12,1910,LINGLING,6,51.1,137.2,982,0,0,0,0,0,0,0,0,2019/9/8 12:00,1567944000
431,431,450,2019,9,8,18,1910,LINGLING,6,52.7,140.4,976,0,0,0,0,0,0,0,0,2019/9/8 18:00,1567965600
432,432,451,2019,9,9,0,1910,LINGLING,6,53.9,143.4,976,0,0,0,0,0,0,0,0,2019/9/9 0:00,1567987200
433,433,452,2019,9,9,6,1910,LINGLING,6,54,147.7,972,0,0,0,0,0,0,0,0,2019/9/9 6:00,1568008800
434,434,453,2019,9,9,12,1910,LINGLING,6,54.6,151.2,972,0,0,0,0,0,0,0,0,2019/9/9 12:00,1568030400
435,435,454,2019,9,9,18,1910,LINGLING,6,55.2,155.6,976,0,0,0,0,0,0,0,0,2019/9/9 18:00,1568052000
436,436,455,2019,9,10,0,1910,LINGLING,6,55.6,162.6,980,0,0,0,0,0,0,0,0,2019/9/10 0:00,1568073600
437,437,456,2019,9,10,6,1910,LINGLING,6,57.1,166.4,980,0,0,0,0,0,0,0,0,2019/9/10 6:00,1568095200
438,438,457,2019,9,10,12,1910,LINGLING,6,57.4,168.4,980,0,0,0,0,0,0,0,0,2019/9/10 12:00,1568116800
439,439,458,2019,9,10,18,1910,LINGLING,6,58,170.6,978,0,0,0,0,0,0,0,0,2019/9/10 18:00,1568138400
440,440,459,2019,9,11,0,1910,LINGLING,6,58.3,171.9,978,0,0,0,0,0,0,0,0,2019/9/11 0:00,1568160000
441,441,460,2019,9,11,6,1910,LINGLING,6,58.5,173.6,974,0,0,0,0,0,0,0,0,2019/9/11 6:00,1568181600
442,442,461,2019,9,11,12,1910,LINGLING,6,59.1,176.6,972,0,0,0,0,0,0,0,0,2019/9/11 12:00,1568203200
443,443,462,2019,9,11,18,1910,LINGLING,6,59.4,179.4,972,0,0,0,0,0,0,0,0,2019/9/11 18:00,1568224800
444,444,463,2019,9,12,0,1910,LINGLING,6,60.1,183.1,970,0,0,0,0,0,0,0,0,2019/9/12 0:00,1568246400
445,445,464,2019,8,30,0,1911,KAJIKI,2,18.2,126.3,1008,0,0,0,0,0,0,0,0,2019/8/30 0:00,1567123200
446,446,465,2019,8,30,6,1911,KAJIKI,2,18.1,125.9,1006,0,0,0,0,0,0,0,0,2019/8/30 6:00,1567144800
447,447,466,2019,8,30,12,1911,KAJIKI,2,18.1,125,1006,0,0,0,0,0,0,0,0,2019/8/30 12:00,1567166400
448,448,467,2019,8,30,18,1911,KAJIKI,2,18.1,123.8,1006,0,0,0,0,0,0,0,0,2019/8/30 18:00,1567188000
475,475,494,2019,9,2,0,1912,FAXAI,2,15.9,167.9,1010,0,0,0,0,0,0,0,0,2019/9/2 0:00,1567382400
476,476,495,2019,9,2,6,1912,FAXAI,2,16.2,166.6,1008,0,0,0,0,0,0,0,0,2019/9/2 6:00,1567404000
477,477,496,2019,9,2,12,1912,FAXAI,2,16.5,165.4,1008,0,0,0,0,0,0,0,0,2019/9/2 12:00,1567425600
478,478,497,2019,9,2,18,1912,FAXAI,2,16.8,164.3,1008,0,0,0,0,0,0,0,0,2019/9/2 18:00,1567447200
479,479,498,2019,9,3,0,1912,FAXAI,2,17,163,1008,0,0,0,0,0,0,0,0,2019/9/3 0:00,1567468800
480,480,499,2019,9,3,6,1912,FAXAI,2,17.1,161.8,1006,0,0,0,0,0,0,0,0,2019/9/3 6:00,1567490400
481,481,500,2019,9,3,12,1912,FAXAI,2,17.2,161,1008,0,0,0,0,0,0,0,0,2019/9/3 12:00,1567512000
482,482,501,2019,9,3,18,1912,FAXAI,2,17.5,160.2,1006,0,0,0,0,0,0,0,0,2019/9/3 18:00,1567533600
483,483,502,2019,9,4,0,1912,FAXAI,2,17.8,159.4,1008,0,0,0,0,0,0,0,0,2019/9/4 0:00,1567555200
484,484,503,2019,9,4,6,1912,FAXAI,2,18,158.5,1006,0,0,0,0,0,0,0,0,2019/9/4 6:00,1567576800
485,485,504,2019,9,4,12,1912,FAXAI,2,18.3,157.5,1004,0,0,0,0,0,0,0,0,2019/9/4 12:00,1567598400
486,486,505,2019,9,4,18,1912,FAXAI,3,18.6,156.7,1002,35,0,0,0,1,150,90,0,2019/9/4 18:00,1567620000
487,487,506,2019,9,5,0,1912,FAXAI,3,19.1,156.1,1000,35,0,0,0,1,150,90,0,2019/9/5 0:00,1567641600
488,488,507,2019,9,5,6,1912,FAXAI,3,19.7,155.5,998,40,0,0,0,1,150,90,0,2019/9/5 6:00,1567663200
489,489,508,2019,9,5,12,1912,FAXAI,3,20.6,154.6,996,40,0,0,0,1,150,90,0,2019/9/5 12:00,1567684800
490,490,509,2019,9,5,18,1912,FAXAI,3,21.6,153.2,994,40,0,0,0,1,150,90,0,2019/9/5 18:00,1567706400
491,491,510,2019,9,6,0,1912,FAXAI,3,22.6,151.6,992,45,0,0,0,1,150,90,0,2019/9/6 0:00,1567728000
492,492,511,2019,9,6,6,1912,FAXAI,4,23.7,149.9,990,50,0,0,0,1,150,90,0,2019/9/6 6:00,1567749600
493,493,512,2019,9,6,12,1912,FAXAI,4,24.6,148.1,985,55,9,30,30,1,180,120,0,2019/9/6 12:00,1567771200
494,494,513,2019,9,6,18,1912,FAXAI,4,25.7,146.5,980,60,9,40,40,1,180,120,0,2019/9/6 18:00,1567792800
495,495,514,2019,9,7,0,1912,FAXAI,5,26.7,145,975,65,9,50,50,1,180,120,0,2019/9/7 0:00,1567814400
496,496,516,2019,9,7,6,1912,FAXAI,5,27.9,143.3,970,70,9,50,50,1,150,90,0,2019/9/7 6:00,1567836000
497,497,518,2019,9,7,12,1912,FAXAI,5,28.9,141.8,960,80,9,50,50,1,150,90,0,2019/9/7 12:00,1567857600
498,498,519,2019,9,7,18,1912,FAXAI,5,30.2,140.5,955,85,9,50,50,1,150,90,0,2019/9/7 18:00,1567879200
499,499,520,2019,9,8,0,1912,FAXAI,5,31.5,139.5,955,85,9,50,50,2,120,90,0,2019/9/8 0:00,1567900800
500,500,521,2019,9,8,6,1912,FAXAI,5,33,139,955,85,9,50,50,2,120,90,0,2019/9/8 6:00,1567922400
505,505,526,2019,9,9,12,1912,FAXAI,4,38.3,144.3,985,60,3,50,30,3,120,90,0,2019/9/9 12:00,1568030400
506,506,527,2019,9,9,18,1912,FAXAI,4,39,146.4,990,55,3,50,30,3,120,90,0,2019/9/9 18:00,1568052000
507,507,528,2019,9,10,0,1912,FAXAI,6,39.7,148.8,992,0,0,0,0,0,0,0,0,2019/9/10 0:00,1568073600
508,508,529,2019,9,10,6,1912,FAXAI,6,40.5,151.5,996,0,0,0,0,0,0,0,0,2019/9/10 6:00,1568095200
509,509,530,2019,9,10,12,1912,FAXAI,6,41.3,155,998,0,0,0,0,0,0,0,0,2019/9/10 12:00,1568116800
510,510,531,2019,9,10,18,1912,FAXAI,6,42.3,158.2,1000,0,0,0,0,0,0,0,0,2019/9/10 18:00,1568138400
511,511,532,2019,9,11,0,1912,FAXAI,6,43.2,162.7,1000,0,0,0,0,0,0,0,0,2019/9/11 0:00,1568160000
512,512,533,2019,9,11,6,1912,FAXAI,6,44.5,168.7,1002,0,0,0,0,0,0,0,0,2019/9/11 6:00,1568181600
513,513,534,2019,9,11,12,1912,FAXAI,6,46.8,175.9,1002,0,0,0,0,0,0,0,0,2019/9/11 12:00,1568203200
514,514,535,2019,9,12,18,1913,PEIPAH,2,11.7,159.2,1006,0,0,0,0,0,0,0,0,2019/9/12 18:00,1568311200
515,515,536,2019,9,13,0,1913,PEIPAH,2,11.9,158.5,1008,0,0,0,0,0,0,0,0,2019/9/13 0:00,1568332800
516,516,537,2019,9,13,6,1913,PEIPAH,2,12.2,157.1,1006,0,0,0,0,0,0,0,0,2019/9/13 6:00,1568354400
517,517,538,2019,9,13,12,1913,PEIPAH,2,12.6,155.7,1008,0,0,0,0,0,0,0,0,2019/9/13 12:00,1568376000
518,518,539,2019,9,13,18,1913,PEIPAH,2,12.8,154.3,1006,0,0,0,0,0,0,0,0,2019/9/13 18:00,1568397600
519,519,540,2019,9,14,0,1913,PEIPAH,2,13.2,152.9,1006,0,0,0,0,0,0,0,0,2019/9/14 0:00,1568419200
520,520,541,2019,9,14,6,1913,PEIPAH,2,13.5,151.7,1004,0,0,0,0,0,0,0,0,2019/9/14 6:00,1568440800
521,521,542,2019,9,14,12,1913,PEIPAH,2,13.9,151.2,1004,0,0,0,0,0,0,0,0,2019/9/14 12:00,1568462400
522,522,543,2019,9,14,18,1913,PEIPAH,2,14.3,150.5,1002,0,0,0,0,0,0,0,0,2019/9/14 18:00,1568484000
523,523,544,2019,9,15,0,1913,PEIPAH,3,15.4,149.7,1000,35,0,0,0,4,150,90,0,2019/9/15 0:00,1568505600
524,524,545,2019,9,15,6,1913,PEIPAH,3,16.6,149,1000,35,0,0,0,4,150,90,0,2019/9/15 6:00,1568527200
525,525,546,2019,9,15,12,1913,PEIPAH,3,17.7,148,1000,35,0,0,0,2,150,100,0,2019/9/15 12:00,1568548800
526,526,547,2019,9,15,18,1913,PEIPAH,3,19.5,146.7,1000,35,0,0,0,2,150,100,0,2019/9/15 18:00,1568570400
527,527,548,2019,9,16,0,1913,PEIPAH,3,21.3,145.3,1000,35,0,0,0,2,150,100,0,2019/9/16 0:00,1568592000
528,528,549,2019,9,16,6,1913,PEIPAH,3,23.5,144.1,1000,35,0,0,0,2,200,100,0,2019/9/16 6:00,1568613600
529,529,550,2019,9,16,12,1913,PEIPAH,2,25,142.9,1002,0,0,0,0,0,0,0,0,2019/9/16 12:00,1568635200
530,530,551,2019,9,16,18,1913,PEIPAH,2,27,142.4,1002,0,0,0,0,0,0,0,0,2019/9/16 18:00,1568656800
531,531,552,2019,9,17,0,1913,PEIPAH,2,28.9,142.7,1004,0,0,0,0,0,0,0,0,2019/9/17 0:00,1568678400
532,532,553,2019,9,17,0,1914,TAPAH,2,20,128.7,1000,0,0,0,0,0,0,0,0,2019/9/17 0:00,1568678400
533,533,554,2019,9,17,6,1914,TAPAH,2,20.8,128.7,998,0,0,0,0,0,0,0,0,2019/9/17 6:00,1568700000
534,534,555,2019,9,17,12,1914,TAPAH,2,21.1,128.8,998,0,0,0,0,0,0,0,0,2019/9/17 12:00,1568721600
535,535,556,2019,9,17,18,1914,TAPAH,2,21.4,128.9,998,0,0,0,0,0,0,0,0,2019/9/17 18:00,1568743200
536,536,557,2019,9,18,0,1914,TAPAH,2,21.4,128.9,998,0,0,0,0,0,0,0,0,2019/9/18 0:00,1568764800
537,537,558,2019,9,18,6,1914,TAPAH,2,21.9,129,998,0,0,0,0,0,0,0,0,2019/9/18 6:00,1568786400
538,538,559,2019,9,18,12,1914,TAPAH,2,22.3,129.7,998,0,0,0,0,0,0,0,0,2019/9/18 12:00,1568808000
539,539,560,2019,9,18,18,1914,TAPAH,2,22.7,129.4,998,0,0,0,0,0,0,0,0,2019/9/18 18:00,1568829600
540,540,561,2019,9,19,0,1914,TAPAH,3,22.4,128.7,996,35,0,0,0,9,270,270,0,2019/9/19 0:00,1568851200
541,541,562,2019,9,19,6,1914,TAPAH,3,22.4,128.6,994,35,0,0,0,9,270,270,0,2019/9/19 6:00,1568872800
542,542,563,2019,9,19,12,1914,TAPAH,3,23.1,128.2,992,40,0,0,0,9,270,270,0,2019/9/19 12:00,1568894400
543,543,564,2019,9,19,18,1914,TAPAH,3,22.8,127.4,990,40,0,0,0,3,325,270,0,2019/9/19 18:00,1568916000
544,544,565,2019,9,20,0,1914,TAPAH,3,23.1,127.2,985,45,0,0,0,3,350,270,0,2019/9/20 0:00,1568937600
545,545,566,2019,9,20,6,1914,TAPAH,4,23.1,127.2,980,50,0,0,0,3,350,270,0,2019/9/20 6:00,1568959200
546,546,567,2019,9,20,12,1914,TAPAH,4,24,127.2,980,50,0,0,0,3,350,270,0,2019/9/20 12:00,1568980800
547,547,568,2019,9,20,18,1914,TAPAH,5,25,126.4,970,65,2,130,90,3,350,240,0,2019/9/20 18:00,1569002400
559,559,584,2019,9,24,12,1915,MITAG,2,9.6,155,1012,0,0,0,0,0,0,0,0,2019/9/24 12:00,1569326400
560,560,585,2019,9,24,18,1915,MITAG,2,9.7,154.1,1010,0,0,0,0,0,0,0,0,2019/9/24 18:00,1569348000
561,561,586,2019,9,25,0,1915,MITAG,2,9.9,153.2,1010,0,0,0,0,0,0,0,0,2019/9/25 0:00,1569369600
562,562,587,2019,9,25,6,1915,MITAG,2,10.3,152.2,1008,0,0,0,0,0,0,0,0,2019/9/25 6:00,1569391200
563,563,588,2019,9,25,12,1915,MITAG,2,10.7,151,1010,0,0,0,0,0,0,0,0,2019/9/25 12:00,1569412800
564,564,589,2019,9,25,18,1915,MITAG,2,10.9,149.4,1008,0,0,0,0,0,0,0,0,2019/9/25 18:00,1569434400
565,565,590,2019,9,26,0,1915,MITAG,2,11.4,147.3,1010,0,0,0,0,0,0,0,0,2019/9/26 0:00,1569456000
566,566,591,2019,9,26,6,1915,MITAG,2,11.6,145.1,1008,0,0,0,0,0,0,0,0,2019/9/26 6:00,1569477600
567,567,592,2019,9,26,12,1915,MITAG,2,11.9,143.1,1010,0,0,0,0,0,0,0,0,2019/9/26 12:00,1569499200
568,568,593,2019,9,26,18,1915,MITAG,2,12.4,141.1,1008,0,0,0,0,0,0,0,0,2019/9/26 18:00,1569520800
569,569,594,2019,9,27,0,1915,MITAG,2,13,139.2,1008,0,0,0,0,0,0,0,0,2019/9/27 0:00,1569542400
570,570,595,2019,9,27,6,1915,MITAG,2,13.5,137.6,1006,0,0,0,0,0,0,0,0,2019/9/27 6:00,1569564000
571,571,596,2019,9,27,12,1915,MITAG,2,14.2,136,1006,0,0,0,0,0,0,0,0,2019/9/27 12:00,1569585600
572,572,597,2019,9,27,18,1915,MITAG,2,14.9,134.4,1004,0,0,0,0,0,0,0,0,2019/9/27 18:00,1569607200
573,573,598,2019,9,28,0,1915,MITAG,3,15.7,132.8,1000,35,0,0,0,9,210,210,0,2019/9/28 0:00,1569628800
574,574,599,2019,9,28,6,1915,MITAG,3,16.9,130.7,998,40,0,0,0,9,210,210,0,2019/9/28 6:00,1569650400
575,575,600,2019,9,28,12,1915,MITAG,3,17.4,129.2,996,40,0,0,0,9,210,210,0,2019/9/28 12:00,1569672000
576,576,601,2019,9,28,18,1915,MITAG,3,17.8,127.9,992,45,0,0,0,9,210,210,0,2019/9/28 18:00,1569693600
577,577,602,2019,9,29,0,1915,MITAG,4,18.3,126.9,990,50,0,0,0,9,210,210,0,2019/9/29 0:00,1569715200
578,578,603,2019,9,29,6,1915,MITAG,4,19.2,125.9,985,55,2,60,40,9,210,210,0,2019/9/29 6:00,1569736800
579,579,604,2019,9,29,12,1915,MITAG,4,20.1,124.8,980,60,2,90,60,9,210,210,0,2019/9/29 12:00,1569758400
580,580,605,2019,9,29,18,1915,MITAG,4,20.9,123.7,975,60,2,90,60,9,210,210,0,2019/9/29 18:00,1569780000
581,581,606,2019,9,30,0,1915,MITAG,5,21.7,123,970,65,2,90,60,9,270,270,0,2019/9/30 0:00,1569801600
600,600,625,2019,10,4,18,1915,MITAG,6,39.1,143.5,996,0,0,0,0,0,0,0,0,2019/10/4 18:00,1570212000
601,601,626,2019,10,5,0,1915,MITAG,6,39.6,146.1,998,0,0,0,0,0,0,0,0,2019/10/5 0:00,1570233600
602,602,627,2019,10,5,6,1915,MITAG,6,40.9,148.9,998,0,0,0,0,0,0,0,0,2019/10/5 6:00,1570255200
603,603,628,2019,10,5,12,1915,MITAG,6,43.4,151.7,1000,0,0,0,0,0,0,0,0,2019/10/5 12:00,1570276800
604,604,629,2019,10,4,18,1916,HAGIBIS,2,15.7,164.4,1008,0,0,0,0,0,0,0,0,2019/10/4 18:00,1570212000
605,605,630,2019,10,5,0,1916,HAGIBIS,2,15,162.7,1006,0,0,0,0,0,0,0,0,2019/10/5 0:00,1570233600
606,606,631,2019,10,5,6,1916,HAGIBIS,2,15.3,161.1,1004,0,0,0,0,0,0,0,0,2019/10/5 6:00,1570255200
607,607,632,2019,10,5,12,1916,HAGIBIS,2,15.2,159.4,1004,0,0,0,0,0,0,0,0,2019/10/5 12:00,1570276800
608,608,633,2019,10,5,18,1916,HAGIBIS,3,15.1,157.4,1000,35,0,0,0,9,180,180,0,2019/10/5 18:00,1570298400
609,609,634,2019,10,6,0,1916,HAGIBIS,3,14.4,155.6,992,45,0,0,0,9,210,210,0,2019/10/6 0:00,1570320000
610,610,635,2019,10,6,6,1916,HAGIBIS,4,14.3,154.1,985,55,9,50,50,9,210,210,0,2019/10/6 6:00,1570341600
611,611,636,2019,10,6,12,1916,HAGIBIS,5,14.6,153,970,70,9,80,80,9,210,210,0,2019/10/6 12:00,1570363200
612,612,637,2019,10,6,18,1916,HAGIBIS,5,14.9,151.2,955,80,9,90,90,9,240,240,0,2019/10/6 18:00,1570384800
613,613,638,2019,10,7,0,1916,HAGIBIS,5,15.1,149.6,940,90,9,100,100,2,350,240,0,2019/10/7 0:00,1570406400
614,614,639,2019,10,7,6,1916,HAGIBIS,5,15.5,148.2,925,100,9,100,100,2,350,240,0,2019/10/7 6:00,1570428000
615,615,640,2019,10,7,12,1916,HAGIBIS,5,16.1,146.6,915,105,9,100,100,2,350,240,0,2019/10/7 12:00,1570449600
616,616,641,2019,10,7,18,1916,HAGIBIS,5,16.5,144.9,915,105,9,100,100,2,350,240,0,2019/10/7 18:00,1570471200
617,617,642,2019,10,8,0,1916,HAGIBIS,5,16.9,143.8,915,105,9,100,100,2,350,240,0,2019/10/8 0:00,1570492800
618,618,643,2019,10,8,6,1916,HAGIBIS,5,17.7,142.7,915,105,9,120,120,2,350,240,0,2019/10/8 6:00,1570514400
619,619,644,2019,10,8,12,1916,HAGIBIS,5,18.4,141.8,915,105,9,120,120,2,350,240,0,2019/10/8 12:00,1570536000
620,620,645,2019,10,8,18,1916,HAGIBIS,5,19.3,140.9,915,105,9,130,130,2,350,240,0,2019/10/8 18:00,1570557600
621,621,646,2019,10,9,0,1916,HAGIBIS,5,19.8,140.4,915,105,9,130,130,2,350,240,0,2019/10/9 0:00,1570579200
622,622,647,2019,10,9,6,1916,HAGIBIS,5,20.6,140,915,105,9,130,130,2,350,240,0,2019/10/9 6:00,1570600800
623,623,648,2019,10,9,12,1916,HAGIBIS,5,21.2,139.6,915,105,9,130,130,2,400,350,0,2019/10/9 12:00,1570622400
624,624,649,2019,10,9,18,1916,HAGIBIS,5,22,139.7,915,105,9,130,130,2,400,350,0,2019/10/9 18:00,1570644000
625,625,650,2019,10,10,0,1916,HAGIBIS,5,23.2,139.9,915,105,9,130,130,2,400,350,0,2019/10/10 0:00,1570665600
626,626,651,2019,10,10,6,1916,HAGIBIS,5,24.4,139.5,915,105,2,180,130,2,400,350,0,2019/10/10 6:00,1570687200
627,627,652,2019,10,10,12,1916,HAGIBIS,5,25.3,139,920,100,2,180,130,2,400,350,0,2019/10/10 12:00,1570708800
628,628,653,2019,10,10,18,1916,HAGIBIS,5,26.3,138.6,925,95,2,200,150,2,400,350,0,2019/10/10 18:00,1570730400
629,629,654,2019,10,11,0,1916,HAGIBIS,5,27.5,138.1,935,90,2,200,150,2,400,350,0,2019/10/11 0:00,1570752000
630,630,655,2019,10,11,6,1916,HAGIBIS,5,28.8,137.5,935,90,2,200,150,2,400,350,0,2019/10/11 6:00,1570773600
631,631,656,2019,10,11,12,1916,HAGIBIS,5,29.9,137.1,945,85,2,200,150,2,400,350,0,2019/10/11 12:00,1570795200
632,632,657,2019,10,11,18,1916,HAGIBIS,5,30.8,137.1,945,85,2,200,150,9,350,350,0,2019/10/11 18:00,1570816800
633,633,658,2019,10,12,0,1916,HAGIBIS,5,32,137.4,950,80,2,200,150,9,350,350,0,2019/10/12 0:00,1570838400
634,634,659,2019,10,12,6,1916,HAGIBIS,5,33.7,138.2,950,80,3,180,140,9,350,350,0,2019/10/12 6:00,1570860000
637,637,662,2019,10,13,0,1916,HAGIBIS,4,40.1,145.1,975,60,9,150,150,9,325,325,0,2019/10/13 0:00,1570924800
638,638,663,2019,10,13,6,1916,HAGIBIS,6,41.9,149.8,984,0,0,0,0,0,0,0,0,2019/10/13 6:00,1570946400
639,639,664,2019,10,13,12,1916,HAGIBIS,6,44,155.9,988,0,0,0,0,0,0,0,0,2019/10/13 12:00,1570968000
640,640,665,2019,10,13,18,1916,HAGIBIS,6,47,163.3,984,0,0,0,0,0,0,0,0,2019/10/13 18:00,1570989600
641,641,666,2019,10,14,0,1916,HAGIBIS,6,51.6,170.6,980,0,0,0,0,0,0,0,0,2019/10/14 0:00,1571011200
642,642,667,2019,10,14,6,1916,HAGIBIS,6,54.3,175.9,970,0,0,0,0,0,0,0,0,2019/10/14 6:00,1571032800
643,643,668,2019,10,14,12,1916,HAGIBIS,6,56.4,179.7,956,0,0,0,0,0,0,0,0,2019/10/14 12:00,1571054400
644,644,669,2019,10,14,18,1916,HAGIBIS,6,57.4,182,954,0,0,0,0,0,0,0,0,2019/10/14 18:00,1571076000
645,645,670,2019,10,15,0,1917,NEOGURI,2,15.8,136.4,1010,0,0,0,0,0,0,0,0,2019/10/15 0:00,1571097600
646,646,671,2019,10,15,6,1917,NEOGURI,2,16,135.5,1008,0,0,0,0,0,0,0,0,2019/10/15 6:00,1571119200
647,647,672,2019,10,15,12,1917,NEOGURI,2,16.4,134.6,1008,0,0,0,0,0,0,0,0,2019/10/15 12:00,1571140800
648,648,673,2019,10,15,18,1917,NEOGURI,2,16.8,133.8,1004,0,0,0,0,0,0,0,0,2019/10/15 18:00,1571162400
649,649,674,2019,10,16,0,1917,NEOGURI,2,17.3,132.9,1006,0,0,0,0,0,0,0,0,2019/10/16 0:00,1571184000
650,650,675,2019,10,16,6,1917,NEOGURI,2,17.8,132,1004,0,0,0,0,0,0,0,0,2019/10/16 6:00,1571205600
651,651,676,2019,10,16,12,1917,NEOGURI,2,18.1,131.2,1006,0,0,0,0,0,0,0,0,2019/10/16 12:00,1571227200
652,652,677,2019,10,16,18,1917,NEOGURI,2,18.3,130.6,1008,0,0,0,0,0,0,0,0,2019/10/16 18:00,1571248800
653,653,678,2019,10,17,0,1917,NEOGURI,3,18.6,130.3,1002,35,0,0,0,9,90,90,0,2019/10/17 0:00,1571270400
654,654,679,2019,10,17,6,1917,NEOGURI,3,19,130.2,1002,35,0,0,0,9,90,90,0,2019/10/17 6:00,1571292000
655,655,680,2019,10,17,12,1917,NEOGURI,3,19.3,130.2,1002,35,0,0,0,9,90,90,0,2019/10/17 12:00,1571313600
656,656,681,2019,10,17,18,1917,NEOGURI,3,19.6,130.1,1000,40,0,0,0,9,90,90,0,2019/10/17 18:00,1571335200
657,657,682,2019,10,18,0,1917,NEOGURI,3,19.8,130,998,45,0,0,0,9,90,90,0,2019/10/18 0:00,1571356800
658,658,683,2019,10,18,6,1917,NEOGURI,3,20,129.9,998,45,0,0,0,9,90,90,0,2019/10/18 6:00,1571378400
659,659,684,2019,10,18,12,1917,NEOGURI,3,20.3,129.4,998,45,0,0,0,9,90,90,0,2019/10/18 12:00,1571400000
660,660,685,2019,10,18,18,1917,NEOGURI,4,20.6,128.7,992,50,0,0,0,9,90,90,0,2019/10/18 18:00,1571421600
661,661,686,2019,10,19,0,1917,NEOGURI,4,21,128,990,55,9,30,30,9,90,90,0,2019/10/19 0:00,1571443200
662,662,687,2019,10,19,6,1917,NEOGURI,4,21.6,127.3,985,60,9,30,30,9,90,90,0,2019/10/19 6:00,1571464800
663,663,688,2019,10,19,12,1917,NEOGURI,5,21.8,127.3,975,70,9,40,40,9,120,120,0,2019/10/19 12:00,1571486400
664,664,689,2019,10,19,18,1917,NEOGURI,5,22.6,127.5,970,75,9,40,40,9,120,120,0,2019/10/19 18:00,1571508000
665,665,690,2019,10,20,0,1917,NEOGURI,5,23.4,127.9,970,75,9,40,40,9,120,120,0,2019/10/20 0:00,1571529600
666,666,691,2019,10,20,6,1917,NEOGURI,5,24.4,128.9,975,70,9,40,40,9,120,120,0,2019/10/20 6:00,1571551200
667,667,692,2019,10,20,12,1917,NEOGURI,5,25.4,129.9,980,65,9,40,40,9,120,120,0,2019/10/20 12:00,1571572800
668,668,694,2019,10,20,18,1917,NEOGURI,4,27.1,131.3,985,60,9,40,40,7,140,120,0,2019/10/20 18:00,1571594400
669,669,695,2019,10,21,0,1917,NEOGURI,4,28.8,133,985,60,9,40,40,7,140,120,0,2019/10/21 0:00,1571616000
670,670,696,2019,10,21,6,1917,NEOGURI,4,30.2,134.3,990,55,9,30,30,7,140,120,0,2019/10/21 6:00,1571637600
671,671,697,2019,10,21,12,1917,NEOGURI,6,31.3,135.3,998,0,0,0,0,0,0,0,0,2019/10/21 12:00,1571659200
672,672,698,2019,10,21,18,1917,NEOGURI,6,32.1,136.7,998,0,0,0,0,0,0,0,0,2019/10/21 18:00,1571680800
673,673,699,2019,10,22,0,1917,NEOGURI,6,32.1,137.9,1004,0,0,0,0,0,0,0,0,2019/10/22 0:00,1571702400
674,674,700,2019,10,18,6,1918,BUALOI,2,8.7,161.2,1008,0,0,0,0,0,0,0,0,2019/10/18 6:00,1571378400
675,675,701,2019,10,18,12,1918,BUALOI,2,8.9,159.9,1008,0,0,0,0,0,0,0,0,2019/10/18 12:00,1571400000
676,676,702,2019,10,18,18,1918,BUALOI,2,9.4,157.7,1008,0,0,0,0,0,0,0,0,2019/10/18 18:00,1571421600
677,677,703,2019,10,19,0,1918,BUALOI,2,10.2,156.4,1006,0,0,0,0,0,0,0,0,2019/10/19 0:00,1571443200
678,678,704,2019,10,19,6,1918,BUALOI,3,10.6,155,1000,35,0,0,0,9,60,60,0,2019/10/19 6:00,1571464800
679,679,705,2019,10,19,12,1918,BUALOI,3,10.9,153.9,998,40,0,0,0,9,60,60,0,2019/10/19 12:00,1571486400
680,680,706,2019,10,19,18,1918,BUALOI,3,11,152.6,994,45,0,0,0,9,80,80,0,2019/10/19 18:00,1571508000
681,681,707,2019,10,20,0,1918,BUALOI,4,11.3,151.5,990,50,0,0,0,1,100,80,0,2019/10/20 0:00,1571529600
682,682,708,2019,10,20,6,1918,BUALOI,4,12.1,150.6,985,55,9,30,30,1,100,80,0,2019/10/20 6:00,1571551200
683,683,709,2019,10,20,12,1918,BUALOI,5,12.6,149.8,975,65,9,30,30,1,100,80,0,2019/10/20 12:00,1571572800
684,684,710,2019,10,20,18,1918,BUALOI,5,13.5,149,970,70,9,40,40,1,120,90,0,2019/10/20 18:00,1571594400
685,685,711,2019,10,21,0,1918,BUALOI,5,14.1,148.2,965,75,9,40,40,1,120,90,0,2019/10/21 0:00,1571616000
686,686,712,2019,10,21,6,1918,BUALOI,5,14.7,147.6,955,85,9,60,60,1,150,90,0,2019/10/21 6:00,1571637600
687,687,713,2019,10,21,12,1918,BUALOI,5,15.4,146.8,955,85,9,60,60,1,150,90,0,2019/10/21 12:00,1571659200
688,688,714,2019,10,21,18,1918,BUALOI,5,16.3,146,955,85,9,60,60,1,150,90,0,2019/10/21 18:00,1571680800
689,689,715,2019,10,22,0,1918,BUALOI,5,17.1,145,950,90,9,60,60,1,180,100,0,2019/10/22 0:00,1571702400
690,690,716,2019,10,22,6,1918,BUALOI,5,18.2,144.4,935,100,9,60,60,1,180,100,0,2019/10/22 6:00,1571724000
691,691,717,2019,10,22,12,1918,BUALOI,5,19.2,143.6,935,100,9,70,70,1,180,100,0,2019/10/22 12:00,1571745600
692,692,718,2019,10,22,18,1918,BUALOI,5,20.3,143.1,935,100,9,70,70,2,180,100,0,2019/10/22 18:00,1571767200
693,693,719,2019,10,23,0,1918,BUALOI,5,21.7,142.4,950,90,9,70,70,2,180,120,0,2019/10/23 0:00,1571788800
694,694,720,2019,10,23,6,1918,BUALOI,5,22.8,142.1,940,95,9,70,70,2,180,120,0,2019/10/23 6:00,1571810400
695,695,721,2019,10,23,12,1918,BUALOI,5,24,142,950,90,9,70,70,2,180,120,0,2019/10/23 12:00,1571832000
696,696,723,2019,10,23,18,1918,BUALOI,5,25.6,141.9,955,85,9,70,70,2,180,120,0,2019/10/23 18:00,1571853600
697,697,725,2019,10,24,0,1918,BUALOI,5,26.9,142.1,960,80,9,70,70,1,210,120,0,2019/10/24 0:00,1571875200
698,698,727,2019,10,24,6,1918,BUALOI,5,28.4,142.6,970,75,9,70,70,1,210,130,0,2019/10/24 6:00,1571896800
699,699,728,2019,10,24,12,1918,BUALOI,5,29.6,143.7,970,75,9,70,70,1,240,150,0,2019/10/24 12:00,1571918400
700,700,729,2019,10,24,18,1918,BUALOI,5,30.9,145,975,70,9,80,80,1,270,150,0,2019/10/24 18:00,1571940000
701,701,730,2019,10,25,0,1918,BUALOI,5,32.4,146.3,980,65,9,80,80,1,300,180,0,2019/10/25 0:00,1571961600
702,702,731,2019,10,25,6,1918,BUALOI,4,34.1,148.1,985,60,9,80,80,1,300,180,0,2019/10/25 6:00,1571983200
703,703,732,2019,10,25,12,1918,BUALOI,6,35.1,148.6,996,0,0,0,0,0,0,0,0,2019/10/25 12:00,1572004800
704,704,733,2019,10,25,18,1918,BUALOI,6,36.6,149,1004,0,0,0,0,0,0,0,0,2019/10/25 18:00,1572026400
705,705,734,2019,10,26,0,1918,BUALOI,6,38.5,149.4,1004,0,0,0,0,0,0,0,0,2019/10/26 0:00,1572048000
719,719,748,2019,11,1,12,1919,HALONG,2,9.6,162.2,1004,0,0,0,0,0,0,0,0,2019/11/1 12:00,1572609600
720,720,749,2019,11,1,18,1919,HALONG,2,10.7,160.8,1004,0,0,0,0,0,0,0,0,2019/11/1 18:00,1572631200
721,721,750,2019,11,2,0,1919,HALONG,2,11.7,159.7,1004,0,0,0,0,0,0,0,0,2019/11/2 0:00,1572652800
722,722,751,2019,11,2,6,1919,HALONG,2,12.6,158.6,1002,0,0,0,0,0,0,0,0,2019/11/2 6:00,1572674400
723,723,752,2019,11,2,12,1919,HALONG,3,13.4,157.7,1000,35,0,0,0,9,150,150,0,2019/11/2 12:00,1572696000
724,724,753,2019,11,2,18,1919,HALONG,3,14,156.9,1000,35,0,0,0,9,150,150,0,2019/11/2 18:00,1572717600
725,725,754,2019,11,3,0,1919,HALONG,3,14.7,155.9,1000,35,0,0,0,2,150,120,0,2019/11/3 0:00,1572739200
726,726,755,2019,11,3,6,1919,HALONG,3,15.4,154.8,998,40,0,0,0,2,150,120,0,2019/11/3 6:00,1572760800
727,727,756,2019,11,3,12,1919,HALONG,3,15.9,154.2,994,45,0,0,0,2,210,120,0,2019/11/3 12:00,1572782400
728,728,757,2019,11,3,18,1919,HALONG,4,16.6,153.8,992,50,0,0,0,1,220,120,0,2019/11/3 18:00,1572804000
729,729,758,2019,11,4,0,1919,HALONG,4,17.1,153.6,985,60,9,40,40,1,220,120,0,2019/11/4 0:00,1572825600
730,730,759,2019,11,4,6,1919,HALONG,5,17.8,153.2,980,65,9,50,50,1,240,120,0,2019/11/4 6:00,1572847200
731,731,760,2019,11,4,12,1919,HALONG,5,18.3,152.7,975,70,9,50,50,1,240,120,0,2019/11/4 12:00,1572868800
732,732,761,2019,11,4,18,1919,HALONG,5,18.8,152.3,960,80,9,60,60,1,240,150,0,2019/11/4 18:00,1572890400
733,733,762,2019,11,5,0,1919,HALONG,5,19.1,151.9,950,90,9,60,60,1,240,150,0,2019/11/5 0:00,1572912000
734,734,763,2019,11,5,6,1919,HALONG,5,19.7,151.3,935,100,9,60,60,9,150,150,0,2019/11/5 6:00,1572933600
735,735,764,2019,11,5,12,1919,HALONG,5,19.9,150.8,905,115,9,60,60,9,150,150,0,2019/11/5 12:00,1572955200
736,736,765,2019,11,5,18,1919,HALONG,5,20.3,150.6,905,115,9,60,60,9,150,150,0,2019/11/5 18:00,1572976800
737,737,766,2019,11,6,0,1919,HALONG,5,20.8,150.5,905,115,9,60,60,9,150,150,0,2019/11/6 0:00,1572998400
738,738,767,2019,11,6,6,1919,HALONG,5,21.2,150.5,905,115,9,60,60,9,150,150,0,2019/11/6 6:00,1573020000
739,739,768,2019,11,6,12,1919,HALONG,5,21.7,150.7,920,105,9,60,60,9,150,150,0,2019/11/6 12:00,1573041600
740,740,769,2019,11,6,18,1919,HALONG,5,22.3,151,940,95,9,60,60,9,150,150,0,2019/11/6 18:00,1573063200
741,741,770,2019,11,7,0,1919,HALONG,5,23.1,151.2,955,85,9,60,60,1,150,120,0,2019/11/7 0:00,1573084800
742,742,771,2019,11,7,6,1919,HALONG,5,23.9,151.5,960,80,9,60,60,1,150,120,0,2019/11/7 6:00,1573106400
743,743,772,2019,11,7,12,1919,HALONG,5,24.6,152.1,970,75,9,60,60,1,150,120,0,2019/11/7 12:00,1573128000
744,744,773,2019,11,7,18,1919,HALONG,5,25.5,153,975,70,2,60,30,1,150,90,0,2019/11/7 18:00,1573149600
745,745,774,2019,11,8,0,1919,HALONG,5,26.8,154.8,980,65,2,60,30,2,150,90,0,2019/11/8 0:00,1573171200
746,746,775,2019,11,8,6,1919,HALONG,4,28.1,157,990,55,2,60,30,2,150,90,0,2019/11/8 6:00,1573192800
747,747,776,2019,11,8,12,1919,HALONG,3,29.6,158.6,994,45,0,0,0,2,120,90,0,2019/11/8 12:00,1573214400
748,748,777,2019,11,8,18,1919,HALONG,3,30.7,159.7,1000,35,0,0,0,2,120,90,0,2019/11/8 18:00,1573236000
749,749,778,2019,11,9,0,1919,HALONG,6,31.2,160.8,1004,0,0,0,0,0,0,0,0,2019/11/9 0:00,1573257600
750,750,779,2019,11,9,6,1919,HALONG,6,31.9,162.7,1006,0,0,0,0,0,0,0,0,2019/11/9 6:00,1573279200
751,751,780,2019,11,9,12,1919,HALONG,6,32.3,164.7,1008,0,0,0,0,0,0,0,0,2019/11/9 12:00,1573300800
752,752,781,2019,11,9,18,1919,HALONG,6,32.4,166.6,1008,0,0,0,0,0,0,0,0,2019/11/9 18:00,1573322400
753,753,782,2019,11,10,0,1919,HALONG,6,32.5,168.4,1008,0,0,0,0,0,0,0,0,2019/11/10 0:00,1573344000
754,754,783,2019,11,10,6,1919,HALONG,6,32.7,170.2,1008,0,0,0,0,0,0,0,0,2019/11/10 6:00,1573365600
785,785,814,2019,11,9,18,1920,FENGSHEN,2,12.6,173.4,1004,0,0,0,0,0,0,0,0,2019/11/9 18:00,1573322400
786,786,815,2019,11,10,0,1920,FENGSHEN,2,13,171.9,1006,0,0,0,0,0,0,0,0,2019/11/10 0:00,1573344000
787,787,816,2019,11,10,6,1920,FENGSHEN,2,13.3,170.5,1004,0,0,0,0,0,0,0,0,2019/11/10 6:00,1573365600
788,788,817,2019,11,10,12,1920,FENGSHEN,2,13.3,169.5,1006,0,0,0,0,0,0,0,0,2019/11/10 12:00,1573387200
789,789,818,2019,11,10,18,1920,FENGSHEN,2,13.3,168.9,1004,0,0,0,0,0,0,0,0,2019/11/10 18:00,1573408800
790,790,819,2019,11,11,0,1920,FENGSHEN,2,13.5,168.2,1006,0,0,0,0,0,0,0,0,2019/11/11 0:00,1573430400
791,791,820,2019,11,11,6,1920,FENGSHEN,2,14,166.6,1004,0,0,0,0,0,0,0,0,2019/11/11 6:00,1573452000
792,792,821,2019,11,11,12,1920,FENGSHEN,2,14.1,165.4,1004,0,0,0,0,0,0,0,0,2019/11/11 12:00,1573473600
793,793,822,2019,11,11,18,1920,FENGSHEN,2,14.7,164.1,1004,0,0,0,0,0,0,0,0,2019/11/11 18:00,1573495200
794,794,823,2019,11,12,0,1920,FENGSHEN,3,14.8,162.5,1000,35,0,0,0,9,60,60,0,2019/11/12 0:00,1573516800
795,795,824,2019,11,12,6,1920,FENGSHEN,3,15.4,161.1,1000,35,0,0,0,9,60,60,0,2019/11/12 6:00,1573538400
796,796,825,2019,11,12,12,1920,FENGSHEN,3,16.2,159.6,1000,35,0,0,0,9,60,60,0,2019/11/12 12:00,1573560000
797,797,826,2019,11,12,18,1920,FENGSHEN,3,16.8,158,998,40,0,0,0,9,90,90,0,2019/11/12 18:00,1573581600
798,798,827,2019,11,13,0,1920,FENGSHEN,3,17.2,156,998,40,0,0,0,9,90,90,0,2019/11/13 0:00,1573603200
799,799,828,2019,11,13,6,1920,FENGSHEN,3,16.9,154.5,998,40,0,0,0,9,90,90,0,2019/11/13 6:00,1573624800
800,800,829,2019,11,13,12,1920,FENGSHEN,3,16.7,153.2,996,45,0,0,0,7,120,90,0,2019/11/13 12:00,1573646400
801,801,830,2019,11,13,18,1920,FENGSHEN,4,16.7,151.8,992,50,0,0,0,7,120,90,0,2019/11/13 18:00,1573668000
802,802,831,2019,11,14,0,1920,FENGSHEN,4,16.8,149.9,992,50,0,0,0,7,120,90,0,2019/11/14 0:00,1573689600
803,803,832,2019,11,14,6,1920,FENGSHEN,4,16.9,148.2,992,50,0,0,0,8,120,90,0,2019/11/14 6:00,1573711200
804,804,833,2019,11,14,12,1920,FENGSHEN,4,17.3,146.4,990,55,9,30,30,8,120,90,0,2019/11/14 12:00,1573732800
805,805,834,2019,11,14,18,1920,FENGSHEN,4,18.1,145,985,60,9,30,30,8,120,90,0,2019/11/14 18:00,1573754400
806,806,835,2019,11,15,0,1920,FENGSHEN,5,19.1,143.7,975,75,9,55,55,8,120,100,0,2019/11/15 0:00,1573776000
807,807,836,2019,11,15,6,1920,FENGSHEN,5,20.1,142.7,965,85,9,55,55,8,120,100,0,2019/11/15 6:00,1573797600
808,808,837,2019,11,15,12,1920,FENGSHEN,5,21.1,142.2,965,85,9,55,55,8,120,100,0,2019/11/15 12:00,1573819200
809,809,838,2019,11,15,18,1920,FENGSHEN,5,22.4,142.5,965,85,9,55,55,8,120,100,0,2019/11/15 18:00,1573840800
810,810,839,2019,11,16,0,1920,FENGSHEN,5,23.7,143.2,965,85,9,55,55,7,150,100,0,2019/11/16 0:00,1573862400
811,811,840,2019,11,16,6,1920,FENGSHEN,5,24.9,144.7,965,85,9,60,60,7,150,100,0,2019/11/16 6:00,1573884000
812,812,841,2019,11,16,12,1920,FENGSHEN,5,25.9,146.7,965,85,9,60,60,7,150,100,0,2019/11/16 12:00,1573905600
813,813,842,2019,11,16,18,1920,FENGSHEN,5,26.6,149.2,970,80,9,55,55,7,150,100,0,2019/11/16 18:00,1573927200
814,814,843,2019,11,17,0,1920,FENGSHEN,5,26.9,152.2,980,70,9,40,40,7,150,100,0,2019/11/17 0:00,1573948800
815,815,844,2019,11,17,6,1920,FENGSHEN,4,26.9,155.2,990,60,9,30,30,7,120,70,0,2019/11/17 6:00,1573970400
816,816,845,2019,11,17,12,1920,FENGSHEN,6,26.2,156.7,1004,0,0,0,0,0,0,0,0,2019/11/17 12:00,1573992000
817,817,846,2019,11,17,18,1920,FENGSHEN,6,25,157.8,1008,0,0,0,0,0,0,0,0,2019/11/17 18:00,1574013600
818,818,847,2019,11,18,0,1920,FENGSHEN,6,24,158.5,1014,0,0,0,0,0,0,0,0,2019/11/18 0:00,1574035200
819,819,848,2019,11,9,18,1921,KALMAEGI,2,14.3,136,1004,0,0,0,0,0,0,0,0,2019/11/9 18:00,1573322400
820,820,849,2019,11,10,0,1921,KALMAEGI,2,14.1,135.7,1004,0,0,0,0,0,0,0,0,2019/11/10 0:00,1573344000
821,821,850,2019,11,10,6,1921,KALMAEGI,2,13.9,135.5,1004,0,0,0,0,0,0,0,0,2019/11/10 6:00,1573365600
822,822,851,2019,11,10,12,1921,KALMAEGI,2,13.7,135.2,1004,0,0,0,0,0,0,0,0,2019/11/10 12:00,1573387200
823,823,852,2019,11,10,18,1921,KALMAEGI,2,13.5,134.9,1002,0,0,0,0,0,0,0,0,2019/11/10 18:00,1573408800
824,824,853,2019,11,11,0,1921,KALMAEGI,2,13.4,134.5,1004,0,0,0,0,0,0,0,0,2019/11/11 0:00,1573430400
825,825,854,2019,11,11,6,1921,KALMAEGI,2,13.3,133.9,1002,0,0,0,0,0,0,0,0,2019/11/11 6:00,1573452000
826,826,855,2019,11,11,12,1921,KALMAEGI,2,12.6,133.3,1004,0,0,0,0,0,0,0,0,2019/11/11 12:00,1573473600
827,827,856,2019,11,11,18,1921,KALMAEGI,2,12,132.9,1002,0,0,0,0,0,0,0,0,2019/11/11 18:00,1573495200
828,828,857,2019,11,12,0,1921,KALMAEGI,2,11.6,132.6,1004,0,0,0,0,0,0,0,0,2019/11/12 0:00,1573516800
829,829,858,2019,11,12,6,1921,KALMAEGI,2,11.7,132,1002,0,0,0,0,0,0,0,0,2019/11/12 6:00,1573538400
830,830,859,2019,11,12,12,1921,KALMAEGI,2,12,131.1,1004,0,0,0,0,0,0,0,0,2019/11/12 12:00,1573560000
831,831,860,2019,11,12,18,1921,KALMAEGI,2,12.3,130.1,1002,0,0,0,0,0,0,0,0,2019/11/12 18:00,1573581600
832,832,861,2019,11,13,0,1921,KALMAEGI,2,12.6,129.2,1002,0,0,0,0,0,0,0,0,2019/11/13 0:00,1573603200
833,833,862,2019,11,13,6,1921,KALMAEGI,2,12.8,128.4,1002,0,0,0,0,0,0,0,0,2019/11/13 6:00,1573624800
834,834,863,2019,11,13,12,1921,KALMAEGI,2,13,128.5,1002,0,0,0,0,0,0,0,0,2019/11/13 12:00,1573646400
835,835,864,2019,11,13,18,1921,KALMAEGI,2,13.2,128.6,1002,0,0,0,0,0,0,0,0,2019/11/13 18:00,1573668000
836,836,865,2019,11,14,0,1921,KALMAEGI,2,14.6,128.7,1002,0,0,0,0,0,0,0,0,2019/11/14 0:00,1573689600
837,837,866,2019,11,14,6,1921,KALMAEGI,2,15.8,127.6,1002,0,0,0,0,0,0,0,0,2019/11/14 6:00,1573711200
838,838,867,2019,11,14,12,1921,KALMAEGI,3,16.4,127.6,1000,35,0,0,0,7,240,150,0,2019/11/14 12:00,1573732800
839,839,868,2019,11,14,18,1921,KALMAEGI,3,16.9,127.2,1000,35,0,0,0,7,240,150,0,2019/11/14 18:00,1573754400
840,840,869,2019,11,15,0,1921,KALMAEGI,3,17.3,126.6,1000,35,0,0,0,8,210,150,0,2019/11/15 0:00,1573776000
841,841,870,2019,11,15,6,1921,KALMAEGI,3,16.9,126.2,1000,35,0,0,0,8,210,150,0,2019/11/15 6:00,1573797600
842,842,871,2019,11,15,12,1921,KALMAEGI,3,16.8,126.3,1000,35,0,0,0,8,210,150,0,2019/11/15 12:00,1573819200
843,843,872,2019,11,15,18,1921,KALMAEGI,3,16.6,126.4,1000,35,0,0,0,8,210,150,0,2019/11/15 18:00,1573840800
844,844,873,2019,11,16,0,1921,KALMAEGI,3,16.2,126.7,1000,35,0,0,0,8,180,120,0,2019/11/16 0:00,1573862400
845,845,874,2019,11,16,6,1921,KALMAEGI,3,15.9,126.6,1000,35,0,0,0,8,180,120,0,2019/11/16 6:00,1573884000
846,846,875,2019,11,16,12,1921,KALMAEGI,3,16.2,126.3,1000,35,0,0,0,1,150,90,0,2019/11/16 12:00,1573905600
847,847,876,2019,11,16,18,1921,KALMAEGI,3,16.3,126,1000,35,0,0,0,1,150,90,0,2019/11/16 18:00,1573927200
848,848,877,2019,11,17,0,1921,KALMAEGI,3,16.5,125.5,1000,35,0,0,0,1,150,90,0,2019/11/17 0:00,1573948800
849,849,878,2019,11,17,6,1921,KALMAEGI,3,16.7,124.9,998,40,0,0,0,1,150,90,0,2019/11/17 6:00,1573970400
850,850,879,2019,11,17,12,1921,KALMAEGI,3,17,124,996,45,0,0,0,1,150,90,0,2019/11/17 12:00,1573992000
851,851,880,2019,11,17,18,1921,KALMAEGI,3,17.3,123.6,996,45,0,0,0,1,150,90,0,2019/11/17 18:00,1574013600
852,852,881,2019,11,18,0,1921,KALMAEGI,4,17.6,123.3,992,50,0,0,0,1,150,90,0,2019/11/18 0:00,1574035200
853,853,882,2019,11,18,6,1921,KALMAEGI,4,18.1,123.1,985,60,9,50,50,1,120,90,0,2019/11/18 6:00,1574056800
869,869,898,2019,11,17,12,1922,FUNG-WONG,2,10.6,143.6,1008,0,0,0,0,0,0,0,0,2019/11/17 12:00,1573992000
870,870,899,2019,11,17,18,1922,FUNG-WONG,2,11,142,1006,0,0,0,0,0,0,0,0,2019/11/17 18:00,1574013600
871,871,900,2019,11,18,0,1922,FUNG-WONG,2,11.5,140.5,1008,0,0,0,0,0,0,0,0,2019/11/18 0:00,1574035200
872,872,901,2019,11,18,6,1922,FUNG-WONG,2,12,138.8,1006,0,0,0,0,0,0,0,0,2019/11/18 6:00,1574056800
873,873,902,2019,11,18,12,1922,FUNG-WONG,2,12.3,137,1008,0,0,0,0,0,0,0,0,2019/11/18 12:00,1574078400
874,874,903,2019,11,18,18,1922,FUNG-WONG,2,12.4,134.9,1006,0,0,0,0,0,0,0,0,2019/11/18 18:00,1574100000
875,875,904,2019,11,19,0,1922,FUNG-WONG,2,13.1,132.9,1004,0,0,0,0,0,0,0,0,2019/11/19 0:00,1574121600
876,876,905,2019,11,19,6,1922,FUNG-WONG,2,14,131.1,1002,0,0,0,0,0,0,0,0,2019/11/19 6:00,1574143200
877,877,906,2019,11,19,12,1922,FUNG-WONG,2,14.7,130,1002,0,0,0,0,0,0,0,0,2019/11/19 12:00,1574164800
878,878,907,2019,11,19,18,1922,FUNG-WONG,2,15.3,128.8,1002,0,0,0,0,0,0,0,0,2019/11/19 18:00,1574186400
879,879,908,2019,11,20,0,1922,FUNG-WONG,3,16.1,128.2,1000,35,0,0,0,9,120,120,0,2019/11/20 0:00,1574208000
880,880,909,2019,11,20,6,1922,FUNG-WONG,3,17.6,127.2,998,40,0,0,0,9,120,120,0,2019/11/20 6:00,1574229600
881,881,910,2019,11,20,12,1922,FUNG-WONG,3,19,126,994,45,0,0,0,9,120,120,0,2019/11/20 12:00,1574251200
882,882,911,2019,11,20,18,1922,FUNG-WONG,4,19.6,125.4,992,50,0,0,0,9,150,150,0,2019/11/20 18:00,1574272800
883,883,912,2019,11,21,0,1922,FUNG-WONG,4,20.2,125,990,55,9,60,60,9,150,150,0,2019/11/21 0:00,1574294400
884,884,913,2019,11,21,6,1922,FUNG-WONG,4,20.5,124.4,990,55,9,40,40,1,180,150,0,2019/11/21 6:00,1574316000
885,885,914,2019,11,21,12,1922,FUNG-WONG,4,21.3,124.3,994,50,0,0,0,1,180,150,0,2019/11/21 12:00,1574337600
886,886,915,2019,11,21,18,1922,FUNG-WONG,4,22.2,124.4,994,50,0,0,0,9,150,150,0,2019/11/21 18:00,1574359200
887,887,916,2019,11,22,0,1922,FUNG-WONG,3,22.9,125,996,45,0,0,0,9,120,120,0,2019/11/22 0:00,1574380800
888,888,917,2019,11,22,6,1922,FUNG-WONG,3,23.7,125.4,1002,35,0,0,0,9,60,60,0,2019/11/22 6:00,1574402400
898,898,927,2019,11,24,18,1922,FUNG-WONG,6,31.7,134.1,1014,0,0,0,0,0,0,0,0,2019/11/24 18:00,1574618400
900,900,929,2019,11,24,12,1923,KAMMURI,2,8.6,159.7,1004,0,0,0,0,0,0,0,0,2019/11/24 12:00,1574596800
901,901,930,2019,11,24,18,1923,KAMMURI,2,8.7,158.6,1004,0,0,0,0,0,0,0,0,2019/11/24 18:00,1574618400
902,902,931,2019,11,25,0,1923,KAMMURI,2,8.8,157,1004,0,0,0,0,0,0,0,0,2019/11/25 0:00,1574640000
903,903,932,2019,11,25,6,1923,KAMMURI,2,9.2,155.2,1002,0,0,0,0,0,0,0,0,2019/11/25 6:00,1574661600
904,904,933,2019,11,25,12,1923,KAMMURI,2,9.9,153.6,1004,0,0,0,0,0,0,0,0,2019/11/25 12:00,1574683200
905,905,934,2019,11,25,18,1923,KAMMURI,2,10.2,151.3,1002,0,0,0,0,0,0,0,0,2019/11/25 18:00,1574704800
906,906,935,2019,11,26,0,1923,KAMMURI,3,10.7,149.2,1000,35,0,0,0,8,300,180,0,2019/11/26 0:00,1574726400
907,907,936,2019,11,26,6,1923,KAMMURI,3,10.9,147.4,998,40,0,0,0,8,300,180,0,2019/11/26 6:00,1574748000
908,908,937,2019,11,26,12,1923,KAMMURI,3,11.3,145.3,998,40,0,0,0,8,300,180,0,2019/11/26 12:00,1574769600
909,909,938,2019,11,26,18,1923,KAMMURI,3,11.3,143.4,994,45,0,0,0,8,300,180,0,2019/11/26 18:00,1574791200
910,910,939,2019,11,27,0,1923,KAMMURI,4,11.3,142.1,992,50,0,0,0,8,300,180,0,2019/11/27 0:00,1574812800
911,911,940,2019,11,27,6,1923,KAMMURI,4,11.4,141,992,50,0,0,0,8,300,180,0,2019/11/27 6:00,1574834400
912,912,941,2019,11,27,12,1923,KAMMURI,4,11.4,140,990,55,9,40,40,8,300,180,0,2019/11/27 12:00,1574856000
913,913,942,2019,11,27,18,1923,KAMMURI,4,11.5,139.2,985,60,9,40,40,8,300,150,0,2019/11/27 18:00,1574877600
914,914,943,2019,11,28,0,1923,KAMMURI,5,11.9,138.8,980,65,9,40,40,8,300,150,0,2019/11/28 0:00,1574899200
915,915,944,2019,11,28,6,1923,KAMMURI,5,12.7,138.7,980,65,9,50,50,8,300,150,0,2019/11/28 6:00,1574920800
916,916,945,2019,11,28,12,1923,KAMMURI,5,13.4,138.7,980,65,9,50,50,8,300,150,0,2019/11/28 12:00,1574942400
917,917,946,2019,11,28,18,1923,KAMMURI,5,14.2,138.6,975,70,9,50,50,9,270,270,0,2019/11/28 18:00,1574964000
918,918,947,2019,11,29,0,1923,KAMMURI,5,14.1,138,975,70,9,60,60,9,270,270,0,2019/11/29 0:00,1574985600
919,919,948,2019,11,29,6,1923,KAMMURI,5,14,137.3,975,70,9,60,60,7,270,210,0,2019/11/29 6:00,1575007200
920,920,949,2019,11,29,12,1923,KAMMURI,5,13.9,136.7,975,70,9,60,60,7,270,210,0,2019/11/29 12:00,1575028800
921,921,950,2019,11,29,18,1923,KAMMURI,5,13.8,136.1,975,70,9,60,60,7,270,180,0,2019/11/29 18:00,1575050400
922,922,951,2019,11,30,0,1923,KAMMURI,5,13.6,135.5,975,70,9,60,60,7,270,180,0,2019/11/30 0:00,1575072000
923,923,952,2019,11,30,6,1923,KAMMURI,5,13.4,134.6,970,75,9,60,60,7,270,150,0,2019/11/30 6:00,1575093600
924,924,953,2019,11,30,12,1923,KAMMURI,5,13.2,133.3,970,75,9,60,60,7,270,150,0,2019/11/30 12:00,1575115200
925,925,954,2019,11,30,18,1923,KAMMURI,5,13.1,131.8,970,75,9,60,60,7,270,150,0,2019/11/30 18:00,1575136800
926,926,955,2019,12,1,0,1923,KAMMURI,5,13.1,131,970,75,9,60,60,7,270,150,0,2019/12/1 0:00,1575158400
927,927,956,2019,12,1,6,1923,KAMMURI,5,13.1,130.2,970,75,9,60,60,7,270,150,0,2019/12/1 6:00,1575180000
928,928,957,2019,12,1,12,1923,KAMMURI,5,13.1,129.2,970,75,9,60,60,7,270,150,0,2019/12/1 12:00,1575201600
929,929,958,2019,12,1,18,1923,KAMMURI,5,13.2,127.6,970,75,9,60,60,7,270,150,0,2019/12/1 18:00,1575223200
931,931,960,2019,12,2,6,1923,KAMMURI,5,13,125.6,955,85,9,80,80,7,270,180,0,2019/12/2 6:00,1575266400
947,947,976,2019,12,19,12,1924,PHANFONE,2,4.7,151.4,1006,0,0,0,0,0,0,0,0,2019/12/19 12:00,1576756800
948,948,977,2019,12,19,18,1924,PHANFONE,2,4.6,150,1004,0,0,0,0,0,0,0,0,2019/12/19 18:00,1576778400
949,949,978,2019,12,20,0,1924,PHANFONE,2,4.6,148.8,1006,0,0,0,0,0,0,0,0,2019/12/20 0:00,1576800000
950,950,979,2019,12,20,6,1924,PHANFONE,2,4.6,147.6,1004,0,0,0,0,0,0,0,0,2019/12/20 6:00,1576821600
951,951,980,2019,12,20,12,1924,PHANFONE,2,4.6,146.3,1004,0,0,0,0,0,0,0,0,2019/12/20 12:00,1576843200
952,952,981,2019,12,20,18,1924,PHANFONE,2,4.6,145.1,1004,0,0,0,0,0,0,0,0,2019/12/20 18:00,1576864800
953,953,982,2019,12,21,0,1924,PHANFONE,2,4.8,143.7,1004,0,0,0,0,0,0,0,0,2019/12/21 0:00,1576886400
954,954,983,2019,12,21,6,1924,PHANFONE,2,5.2,142.5,1004,0,0,0,0,0,0,0,0,2019/12/21 6:00,1576908000
955,955,984,2019,12,21,12,1924,PHANFONE,2,5.6,141.5,1004,0,0,0,0,0,0,0,0,2019/12/21 12:00,1576929600
956,956,985,2019,12,21,18,1924,PHANFONE,2,6,140.7,1004,0,0,0,0,0,0,0,0,2019/12/21 18:00,1576951200
957,957,986,2019,12,22,0,1924,PHANFONE,2,6.5,139.7,1004,0,0,0,0,0,0,0,0,2019/12/22 0:00,1576972800
958,958,987,2019,12,22,6,1924,PHANFONE,2,7.4,138.4,1002,0,0,0,0,0,0,0,0,2019/12/22 6:00,1576994400
959,959,988,2019,12,22,12,1924,PHANFONE,3,8.7,136.9,1002,35,0,0,0,8,120,90,0,2019/12/22 12:00,1577016000
960,960,989,2019,12,22,18,1924,PHANFONE,3,9.6,135,1002,35,0,0,0,8,120,90,0,2019/12/22 18:00,1577037600
961,961,990,2019,12,23,0,1924,PHANFONE,3,10,133.4,1000,40,0,0,0,1,120,90,0,2019/12/23 0:00,1577059200
962,962,991,2019,12,23,6,1924,PHANFONE,3,10.2,132.1,998,45,0,0,0,1,120,90,0,2019/12/23 6:00,1577080800
963,963,992,2019,12,23,12,1924,PHANFONE,4,10.4,130.7,996,50,0,0,0,8,120,90,0,2019/12/23 12:00,1577102400
964,964,993,2019,12,23,18,1924,PHANFONE,4,10.5,129.1,992,55,9,30,30,8,120,90,0,2019/12/23 18:00,1577124000
965,965,994,2019,12,24,0,1924,PHANFONE,5,10.6,127.8,985,65,9,30,30,8,120,90,0,2019/12/24 0:00,1577145600